	Ahmet/name	Marat/name	beetje/noun	berusting/noun	beton_blok/noun	bewust/adj	blad/noun	blazoen/noun	blik/noun	die/det	dikwijls/adj	dreun/noun	e/noun	ellende/noun	en/vg	enigszins/adv	explosie/noun	gelatenheid/noun	geluid/noun	gevoel/noun	glans/noun	haar/noun	heerlijk/adj	herhaling/noun	het/det	huid/noun	ik/pron	indruk/noun	kijker/noun	klank/noun	klap/noun	kleur/noun	klik/noun	klinker/noun	klop/noun	knal/noun	koper/noun	kort/adj	kreet/noun	kunststof/noun	laag_DIM/noun	leegte/noun	lethargie/noun	lijden/noun	miserie/noun	o/noun	oog/noun	oog_DIM/noun	opgenomen/adj	oppervlak/noun	papier/noun	pijn/noun	poeder/noun	poging/noun	punt/noun	razernij/noun	ritme/noun	schoen/noun	schoot/noun	schot/noun	sfeer/noun	signaal/noun	slag/noun	streep/noun	tamelijk/adj	te/adv	teleurstelling/noun	theater_zaal/noun	toon/noun	trom/noun	variant/noun	veeleer/adv	verdriet/noun	verf/noun	verkeer_ellende/noun	voorstelling/noun	wat/adv	werkelijkheid/noun	zang_stem/noun	ze/pron	zo/adv	zucht/noun	zwart/noun
Ahmet/name	0.0	0.9316931	0.94386166	0.92220587	0.94799924	0.9506086	0.9514464	0.9327172	0.9398163	0.95191556	0.9351313	0.9366075	0.9396033	0.92985874	0.9104372	0.9547675	0.9567486	0.9606491	0.9654602	0.96241426	0.9374269	0.9694354	0.94341993	0.96480155	0.92253643	0.9720361	0.9009712	0.9627046	0.93823373	0.966819	0.9394675	0.9624979	0.9552754	0.9684138	0.92946804	0.93927157	0.9475348	0.9636822	0.9451316	0.9552152	0.9588677	0.9488761	0.9622435	0.94336337	0.927886	0.93331826	0.9479415	0.9672165	0.95109487	0.96840614	0.96615165	0.96694577	0.9566558	0.95642084	0.93616784	0.9451373	0.97166616	0.96825933	0.93954265	0.9541025	0.9694174	0.9665001	0.96143353	0.94153756	0.9454362	0.9500078	0.9378565	0.953213	0.9671529	0.9132659	0.9580261	0.95488703	0.9272773	0.95962346	0.92445874	0.9542391	0.94762045	0.972227	0.9573381	0.9067831	0.9292743	0.9636635	0.96021545
Marat/name	0.9316931	0.0	0.92010444	0.944221	0.9429566	0.97111684	0.94875485	0.95565474	0.9441432	0.9298656	0.9523677	0.94063276	0.95858705	0.9471994	0.9329376	0.9535414	0.9527618	0.92734873	0.9573759	0.9525107	0.9330554	0.9531621	0.95802444	0.93104935	0.96166915	0.94471747	0.9211857	0.9424619	0.95131314	0.9577285	0.9498658	0.9460993	0.96424156	0.9404273	0.9139378	0.9411061	0.96280205	0.9626587	0.93841016	0.96548325	0.9670526	0.9540189	0.94518423	0.93437153	0.9398861	0.9338489	0.9297323	0.9727898	0.95929307	0.96398395	0.938234	0.9506536	0.95021635	0.9525373	0.9563456	0.9479223	0.94426215	0.94507074	0.9563133	0.930663	0.96106356	0.9830165	0.9358295	0.91394156	0.9201773	0.95024455	0.95436263	0.958772	0.95654756	0.928015	0.9417619	0.9431278	0.94946074	0.98024374	0.9385159	0.9651308	0.9306947	0.94946593	0.93276966	0.9320454	0.93052775	0.94871	0.9414321
beetje/noun	0.94386166	0.92010444	0.0	0.8691926	0.9437394	0.79332304	0.82929015	0.93332237	0.69236064	0.7362173	0.7657432	0.9024794	0.91269296	0.7947505	0.6234561	0.55376875	0.9013479	0.91135067	0.7781316	0.66996896	0.84764934	0.7547922	0.72873485	0.8462974	0.82953143	0.810425	0.633185	0.71696186	0.7564825	0.7905787	0.86736035	0.75755376	0.9452536	0.9207067	0.92568934	0.9104899	0.8627449	0.8534697	0.8238181	0.89498085	0.83043945	0.8199233	0.93974686	0.8814364	0.85436237	0.9002516	0.7208116	0.8795949	0.92878425	0.8834934	0.81966424	0.7899289	0.9150522	0.80852365	0.93029994	0.907599	0.7830254	0.79788864	0.85420877	0.8643883	0.70219135	0.8791686	0.8783649	0.8290012	0.6692903	0.6316106	0.8395761	0.9349256	0.7046385	0.9241699	0.80830944	0.74900585	0.76759666	0.84824216	0.9385858	0.7724198	0.37846112	0.7630457	0.90712696	0.6352105	0.61988986	0.8393209	0.8290369
berusting/noun	0.92220587	0.944221	0.8691926	0.0	0.95307374	0.9324907	0.9446658	0.91648126	0.8682633	0.8526584	0.8813175	0.90717393	0.92115855	0.84672403	0.856556	0.86156416	0.91759	0.7622795	0.8996444	0.8050639	0.9140928	0.90877074	0.91932994	0.89569336	0.9285257	0.92637795	0.89643735	0.9130738	0.9329161	0.8897646	0.91847146	0.92527324	0.92342216	0.94566876	0.9400898	0.90221375	0.9329677	0.93236685	0.8574112	0.95316035	0.94009644	0.8381929	0.91931796	0.8901909	0.9053511	0.92033374	0.8876853	0.9338883	0.91039306	0.9358205	0.95834106	0.8585017	0.94752264	0.91952074	0.944414	0.891396	0.9111401	0.94147515	0.92186975	0.9420612	0.8502047	0.9309334	0.92621666	0.9388087	0.8863161	0.92227066	0.79695797	0.9512146	0.8375942	0.9416445	0.9102913	0.851924	0.7949612	0.94029146	0.89550686	0.92314374	0.8755182	0.8826452	0.91914016	0.89333797	0.9043484	0.85356236	0.91062844
beton_blok/noun	0.94799924	0.9429566	0.9437394	0.95307374	0.0	0.9490311	0.94024634	0.95417285	0.90285605	0.9316447	0.92254066	0.9249299	0.9128052	0.9482913	0.8683799	0.94392824	0.8877877	0.9620594	0.93174684	0.98127663	0.945838	0.93211794	0.9493289	0.94286454	0.90557206	0.92166567	0.96327657	0.9492161	0.97278416	0.9427909	0.85805	0.8993319	0.92468804	0.80680466	0.9339538	0.84488285	0.9117147	0.9382874	0.95749557	0.8635916	0.8822916	0.9260319	0.952627	0.96351135	0.94068885	0.9479772	0.8986554	0.93318623	0.9636699	0.87902987	0.8982455	0.9600661	0.8865798	0.92696166	0.9555165	0.93535376	0.94282085	0.90784895	0.93246186	0.88173604	0.9459942	0.96448874	0.9344531	0.9193996	0.94747764	0.9422691	0.9644633	0.93768054	0.94688845	0.9382955	0.95290595	0.94116443	0.9453207	0.8928211	0.88634115	0.9535418	0.9444525	0.934968	0.95346165	0.91634184	0.941499	0.9562458	0.9259108
bewust/adj	0.9506086	0.97111684	0.79332304	0.9324907	0.9490311	0.0	0.85765487	0.936702	0.82923084	0.71593887	0.7718867	0.9175865	0.94755286	0.847454	0.7159531	0.7872098	0.88048667	0.9288833	0.8420721	0.8049798	0.91168004	0.8992556	0.85911906	0.8191722	0.8311198	0.8805864	0.8415506	0.837161	0.82255423	0.88698643	0.888679	0.8539109	0.9317968	0.94340026	0.95906126	0.93238616	0.86377966	0.850899	0.87510294	0.9251565	0.92135775	0.8793373	0.93587804	0.8851358	0.9124067	0.93165445	0.84201527	0.9165202	0.8746333	0.93030185	0.85851437	0.81919456	0.909179	0.81060594	0.9437376	0.9367118	0.88152015	0.8990548	0.9029545	0.8980724	0.8293896	0.8421943	0.8959566	0.8906443	0.80598116	0.7893374	0.89692825	0.9516107	0.83307505	0.9533958	0.8524278	0.78840566	0.84927905	0.8696907	0.95828104	0.82881004	0.8010235	0.78115183	0.96151596	0.782531	0.79538745	0.90355146	0.884769
blad/noun	0.9514464	0.94875485	0.82929015	0.9446658	0.94024634	0.85765487	0.0	0.9332476	0.79076433	0.8165581	0.8358252	0.9299331	0.923043	0.87691087	0.70650953	0.7945062	0.88182986	0.9573464	0.83194447	0.87914246	0.84440714	0.8035174	0.8013373	0.89563185	0.84516525	0.81103873	0.89245564	0.8695233	0.82974726	0.8296248	0.87995374	0.724227	0.92693424	0.89393955	0.9472338	0.91366094	0.80152243	0.84615827	0.8464222	0.8241324	0.79744226	0.89789295	0.96125495	0.9420025	0.92953503	0.9215288	0.82524955	0.9116855	0.87864023	0.8122579	0.6833323	0.9221499	0.8246007	0.878373	0.95534295	0.95412785	0.8758671	0.77306473	0.868389	0.9057215	0.84917074	0.9014469	0.90971726	0.8449932	0.7892616	0.8440188	0.91491514	0.94257593	0.8100291	0.9403324	0.795849	0.83360827	0.8653041	0.79245245	0.9621336	0.82669747	0.78676707	0.83230096	0.9603412	0.79831773	0.8154034	0.90871537	0.85211676
blazoen/noun	0.9327172	0.95565474	0.93332237	0.91648126	0.95417285	0.936702	0.9332476	0.0	0.9458353	0.93418735	0.94378746	0.9116945	0.9681405	0.9399564	0.9136941	0.89926386	0.92832106	0.9523754	0.95821404	0.9250824	0.93529636	0.9154161	0.961968	0.9414627	0.92499685	0.90777045	0.9622543	0.94804585	0.9467391	0.9587212	0.8982364	0.9275687	0.9435769	0.95013916	0.95044565	0.9361069	0.95224506	0.93350947	0.94488966	0.969494	0.9527626	0.9493984	0.9535735	0.9238348	0.9401341	0.95001143	0.9151977	0.9341922	0.9496839	0.90248424	0.94520164	0.9377525	0.9289291	0.88024306	0.97633046	0.914514	0.9696702	0.9457786	0.94307745	0.9573694	0.948006	0.93543047	0.9339972	0.92687905	0.9381293	0.9497154	0.93959916	0.95434177	0.93692434	0.9234219	0.9415798	0.93951106	0.91756266	0.8935141	0.9437032	0.95881796	0.93919575	0.9418327	0.97090715	0.95877844	0.9377058	0.9510674	0.9360449
blik/noun	0.9398163	0.9441432	0.69236064	0.8682633	0.90285605	0.82923084	0.79076433	0.9458353	0.0	0.780751	0.78903747	0.887249	0.91348064	0.82955855	0.6140286	0.6717786	0.8592748	0.8748945	0.6939082	0.74993014	0.85405535	0.70650387	0.72815883	0.8490332	0.854478	0.723714	0.8302305	0.73811114	0.7410495	0.7519951	0.8575177	0.69894433	0.9197509	0.89834046	0.93618786	0.86254466	0.8373587	0.8293266	0.76512796	0.83890873	0.8231907	0.8036718	0.929514	0.88775176	0.89077836	0.89670044	0.5353892	0.82276547	0.8821623	0.8054172	0.77286494	0.80124825	0.8593273	0.86855423	0.93794525	0.8897581	0.7635066	0.7408962	0.7979047	0.8343053	0.7311691	0.82605535	0.87609583	0.8141346	0.7313535	0.77988887	0.8545952	0.9228261	0.660776	0.9204743	0.81192124	0.7471534	0.80712837	0.7728478	0.95019865	0.7583128	0.6856249	0.75763565	0.9095239	0.73181415	0.7349592	0.7994371	0.80006623
die/det	0.95191556	0.9298656	0.7362173	0.8526584	0.9316447	0.71593887	0.8165581	0.93418735	0.780751	0.0	0.7360344	0.87599236	0.8819434	0.7818382	0.692927	0.7231443	0.8480401	0.84981644	0.7596656	0.6828613	0.84209144	0.83012336	0.8036209	0.7893721	0.8797456	0.81738514	0.69909924	0.7993138	0.7554455	0.7760702	0.83002543	0.7821804	0.87351453	0.8820716	0.92031616	0.8652396	0.8061573	0.81601006	0.81058705	0.8701205	0.8541324	0.8006879	0.90897715	0.8266796	0.84785616	0.8804964	0.78619367	0.8797675	0.84028447	0.8431965	0.7707631	0.777846	0.87221646	0.8045953	0.8525037	0.8823191	0.802035	0.8275161	0.844423	0.86756533	0.74081606	0.789384	0.8655084	0.83714986	0.76779425	0.7401459	0.782897	0.9199544	0.7782641	0.9047799	0.8258538	0.711016	0.766494	0.81568	0.90468216	0.79527295	0.7489153	0.7012824	0.91274816	0.66861284	0.7082625	0.8009917	0.85818315
dikwijls/adj	0.9351313	0.9523677	0.7657432	0.8813175	0.92254066	0.7718867	0.8358252	0.94378746	0.78903747	0.7360344	0.0	0.8888567	0.8972146	0.80094755	0.68004155	0.7651581	0.8435256	0.89089274	0.8031637	0.7808691	0.90122545	0.8784714	0.8272279	0.8062583	0.82280195	0.8406399	0.7884307	0.7935799	0.8021453	0.83358777	0.8680772	0.82350874	0.90089744	0.9027252	0.922258	0.8869445	0.8453963	0.8560321	0.8266568	0.90106595	0.88562214	0.841848	0.9304713	0.85903084	0.8531526	0.92143416	0.8177339	0.9042336	0.87602687	0.8847695	0.84925646	0.8154481	0.9124317	0.8233298	0.9157088	0.8709196	0.83546257	0.8708267	0.87494344	0.88639665	0.8166042	0.8337254	0.8945611	0.85328645	0.75916415	0.76256216	0.8383437	0.9136917	0.78282094	0.94544667	0.83745337	0.75785935	0.7912816	0.85210896	0.9083239	0.784602	0.74978346	0.7788589	0.93174744	0.73916817	0.741157	0.8788612	0.85713357
dreun/noun	0.9366075	0.94063276	0.9024794	0.90717393	0.9249299	0.9175865	0.9299331	0.9116945	0.887249	0.87599236	0.8888567	0.0	0.93026507	0.87000674	0.8609179	0.8882056	0.81503713	0.9330417	0.8136903	0.900859	0.9003859	0.8889191	0.90927744	0.91070265	0.91428006	0.88773626	0.92102844	0.8942233	0.9076841	0.8388754	0.6758784	0.8824934	0.91360617	0.90072316	0.85879767	0.76875484	0.90980816	0.9343309	0.8766329	0.89930713	0.91223407	0.88470346	0.91242117	0.9091122	0.89972854	0.9171175	0.8922031	0.92545813	0.9425331	0.91787624	0.9306258	0.86334246	0.9273919	0.9213892	0.9105495	0.92293483	0.8397471	0.93064797	0.89044875	0.8720434	0.8849183	0.90188205	0.8494896	0.8775052	0.9087741	0.9244883	0.862069	0.94550216	0.8348491	0.8901045	0.9167671	0.9140418	0.9037549	0.9121391	0.8668122	0.9198568	0.9000487	0.92859644	0.92687184	0.9088038	0.89180225	0.9021248	0.9085543
e/noun	0.9396033	0.95858705	0.91269296	0.92115855	0.9128052	0.94755286	0.923043	0.9681405	0.91348064	0.8819434	0.8972146	0.93026507	0.0	0.89546263	0.8466975	0.92645013	0.90903175	0.95239305	0.89331996	0.92556393	0.91632646	0.907772	0.8874138	0.90155417	0.91323394	0.9347784	0.9607394	0.90786207	0.9392795	0.86683375	0.9161413	0.87264305	0.93823135	0.87294805	0.94705015	0.9358517	0.8995958	0.89825785	0.93523186	0.9305184	0.9295492	0.9141963	0.95872223	0.9177233	0.9149862	0.82726246	0.93108016	0.91467714	0.8772044	0.93013763	0.92320937	0.94188523	0.9238557	0.943608	0.9543073	0.96393555	0.8674615	0.8859319	0.91964614	0.9418735	0.91885275	0.9391804	0.93963593	0.90995455	0.90330815	0.93480283	0.9206388	0.95153654	0.8780719	0.96082354	0.9018752	0.8773054	0.91577154	0.91427505	0.9277669	0.8675963	0.91572523	0.9048811	0.9469479	0.9313907	0.91439563	0.9291157	0.91145134
ellende/noun	0.92985874	0.9471994	0.7947505	0.84672403	0.9482913	0.847454	0.87691087	0.9399564	0.82955855	0.7818382	0.80094755	0.87000674	0.89546263	0.0	0.7583585	0.7995209	0.8401762	0.8685387	0.8058181	0.7544466	0.8632256	0.8816236	0.8647161	0.83258796	0.8391677	0.8540789	0.8507121	0.8263739	0.8365394	0.826149	0.8328717	0.8465632	0.90987897	0.9311896	0.91612834	0.88021845	0.89570606	0.89125735	0.82723063	0.9126048	0.90225315	0.76971436	0.8492346	0.7146393	0.66219527	0.92573065	0.8400038	0.9120971	0.9044298	0.8692902	0.87110865	0.732162	0.8985511	0.8512691	0.9422523	0.85476965	0.8480369	0.8984696	0.8879814	0.90253335	0.80618286	0.8575492	0.89179265	0.8853197	0.8244469	0.8575058	0.74957645	0.9244918	0.8170147	0.8983953	0.861281	0.82869047	0.66848755	0.8507819	0.8039458	0.842566	0.8218465	0.7796623	0.91389734	0.8038304	0.8130476	0.8316612	0.8701982
en/vg	0.9104372	0.9329376	0.6234561	0.856556	0.8683799	0.7159531	0.70650953	0.9136941	0.6140286	0.692927	0.68004155	0.8609179	0.8466975	0.7583585	0.0	0.6751777	0.77899873	0.90079284	0.6230389	0.6962903	0.7947948	0.6626843	0.60254085	0.8060567	0.74238086	0.66366565	0.79807925	0.71338654	0.7430196	0.64137214	0.7755317	0.57827234	0.8699266	0.8428694	0.90377796	0.82543385	0.72684264	0.72625256	0.7668931	0.73184675	0.7179457	0.77281463	0.89802	0.8292944	0.858773	0.8857783	0.67256063	0.82916385	0.785017	0.7533214	0.66776335	0.73749816	0.782349	0.7282271	0.908371	0.8455309	0.6552168	0.6444783	0.7637608	0.81370604	0.65384066	0.78176266	0.7845868	0.7486936	0.6619898	0.68634903	0.8368311	0.87523776	0.6509464	0.8734901	0.68135816	0.64979243	0.7542337	0.66821647	0.9491106	0.67976326	0.6300357	0.7230572	0.88027906	0.63421607	0.69427526	0.7761879	0.6866027
enigszins/adv	0.9547675	0.9535414	0.55376875	0.86156416	0.94392824	0.7872098	0.7945062	0.89926386	0.6717786	0.7231443	0.7651581	0.8882056	0.92645013	0.7995209	0.6751777	0.0	0.87183213	0.8745792	0.7167485	0.71777	0.8440515	0.816423	0.78380775	0.8379492	0.80106527	0.79192275	0.82738113	0.689906	0.794948	0.7552179	0.8403338	0.7713725	0.9352104	0.9147978	0.92660373	0.9032405	0.8328364	0.80478144	0.8224764	0.89389724	0.8811606	0.82014334	0.9461373	0.87632835	0.89189947	0.8848966	0.76354986	0.90649223	0.86526394	0.8234963	0.81835794	0.8182082	0.9069045	0.74041635	0.9066218	0.91634876	0.77084285	0.83519	0.87880516	0.86246705	0.71446323	0.8181019	0.8758274	0.8483739	0.61218154	0.7003261	0.7921739	0.92491174	0.65190333	0.9149325	0.80226916	0.72069347	0.77638555	0.82520664	0.93798053	0.7508818	0.50523865	0.72783613	0.92023844	0.7516937	0.6571827	0.8435934	0.83491045
explosie/noun	0.9567486	0.9527618	0.9013479	0.91759	0.8877877	0.88048667	0.88182986	0.92832106	0.8592748	0.8480401	0.8435256	0.81503713	0.90903175	0.8401762	0.77899873	0.87183213	0.0	0.9425156	0.7990546	0.89694786	0.90933675	0.9018326	0.8844255	0.8811062	0.8367037	0.88481706	0.94055337	0.90499854	0.8987838	0.8487037	0.7857224	0.84974754	0.93854547	0.9038898	0.9503327	0.73674333	0.8960849	0.8676644	0.8466947	0.89861906	0.8849375	0.85333836	0.92822456	0.8944307	0.9234609	0.94481975	0.8940717	0.91521746	0.91611224	0.85320795	0.8805219	0.87935984	0.8775634	0.8525723	0.9616334	0.894996	0.8593358	0.9090123	0.8526	0.851261	0.86660415	0.86443126	0.9112501	0.9185534	0.85960174	0.8918645	0.8903085	0.9007612	0.8527216	0.920353	0.85008967	0.87038124	0.8773366	0.87659645	0.8934553	0.8648233	0.8918329	0.8438292	0.9510816	0.89713645	0.89866215	0.90120316	0.9233331
gelatenheid/noun	0.9606491	0.92734873	0.91135067	0.7622795	0.9620594	0.9288833	0.9573464	0.9523754	0.8748945	0.84981644	0.89089274	0.9330417	0.95239305	0.8685387	0.90079284	0.8745792	0.9425156	0.0	0.94020706	0.79187286	0.90284914	0.934465	0.9458252	0.9241124	0.9315382	0.9273415	0.89385885	0.92750657	0.91952163	0.91393375	0.9401232	0.9413948	0.92133266	0.9562747	0.9462026	0.9333722	0.9504841	0.9555863	0.9095619	0.9646371	0.9519211	0.9185017	0.892147	0.8947884	0.90129316	0.9583787	0.9005844	0.9464495	0.9608582	0.9451788	0.963812	0.8813567	0.9497573	0.9222392	0.958941	0.89146936	0.91034406	0.9581639	0.9498985	0.94866776	0.8596868	0.9212611	0.95088154	0.9426053	0.8926475	0.92053175	0.79437876	0.9657858	0.8707185	0.92557055	0.92618775	0.8551624	0.8159717	0.93207973	0.9121046	0.9377385	0.9057103	0.9035051	0.94558626	0.91588044	0.91252726	0.88277054	0.96461916
geluid/noun	0.9654602	0.9573759	0.7781316	0.8996444	0.93174684	0.8420721	0.83194447	0.95821404	0.6939082	0.7596656	0.8031637	0.8136903	0.89331996	0.8058181	0.6230389	0.7167485	0.7990546	0.94020706	0.0	0.7686703	0.844911	0.79541826	0.74648905	0.8416258	0.84279907	0.76548374	0.8592966	0.8073141	0.78937966	0.48121178	0.83228695	0.66770434	0.8615753	0.90547264	0.91971785	0.7744001	0.8381189	0.82244074	0.72857577	0.84850603	0.82273424	0.77974725	0.9289416	0.89100623	0.9169556	0.8999731	0.7514491	0.89571416	0.7944339	0.79331744	0.79259956	0.8009763	0.8697516	0.8555476	0.94668996	0.8945472	0.62603986	0.81545556	0.82955885	0.8623409	0.6893151	0.72323644	0.8834491	0.8364798	0.74770415	0.81331444	0.8834247	0.8897686	0.62784743	0.8647752	0.7740583	0.7845079	0.8093004	0.7788819	0.93503463	0.7176959	0.724539	0.74430615	0.8235011	0.78541315	0.7315016	0.81718826	0.8043916
gevoel/noun	0.96241426	0.9525107	0.66996896	0.8050639	0.98127663	0.8049798	0.87914246	0.9250824	0.74993014	0.6828613	0.7808691	0.900859	0.92556393	0.7544466	0.6962903	0.71777	0.89694786	0.79187286	0.7686703	0.0	0.8300706	0.8871768	0.7883503	0.8465165	0.8703533	0.8444336	0.7545699	0.70058763	0.77103484	0.7577211	0.8857454	0.80758595	0.8846986	0.94694865	0.95108914	0.893612	0.90250146	0.90812474	0.77889526	0.948718	0.8884697	0.7534746	0.8996091	0.8044659	0.8854309	0.8997457	0.77569264	0.9098087	0.93089473	0.90827566	0.8869197	0.7055102	0.92480856	0.83469164	0.9090044	0.8315142	0.79722285	0.89725184	0.9004229	0.8890578	0.60792613	0.85307705	0.9092742	0.8899173	0.7947711	0.83055854	0.72826105	0.9528149	0.73454714	0.92965245	0.8562809	0.73515004	0.6605327	0.8967416	0.954738	0.77535427	0.7470226	0.7373483	0.9268156	0.76461184	0.7373262	0.7345437	0.89264065
glans/noun	0.9374269	0.9330554	0.84764934	0.9140928	0.945838	0.91168004	0.84440714	0.93529636	0.85405535	0.84209144	0.90122545	0.9003859	0.91632646	0.8632256	0.7947948	0.8440515	0.90933675	0.90284914	0.844911	0.8300706	0.0	0.8039424	0.8400952	0.8994936	0.86487293	0.82384336	0.92581475	0.87019837	0.8839779	0.80257183	0.8884161	0.71730316	0.9548855	0.9123527	0.9337246	0.9072248	0.8686228	0.88391805	0.87974757	0.8772003	0.7817246	0.84778607	0.92148775	0.92478967	0.8920959	0.91494364	0.80805105	0.90320015	0.9065868	0.8511016	0.8719304	0.8779101	0.8829844	0.88775635	0.9077406	0.91212106	0.83977246	0.85300714	0.92567056	0.9350649	0.8196422	0.92693675	0.9294536	0.8457831	0.87346387	0.9020384	0.90790904	0.9222865	0.8062644	0.9372	0.85847044	0.8621553	0.89327526	0.841696	0.9515727	0.86204493	0.82684076	0.87807775	0.9170515	0.8747694	0.86144376	0.8473108	0.8501388
haar/noun	0.9694354	0.9531621	0.7547922	0.90877074	0.93211794	0.8992556	0.8035174	0.9154161	0.70650387	0.83012336	0.8784714	0.8889191	0.907772	0.8816236	0.6626843	0.816423	0.9018326	0.934465	0.79541826	0.8871768	0.8039424	0.0	0.7910333	0.91959715	0.8857212	0.5866791	0.88187855	0.8784798	0.8667641	0.81041646	0.8854972	0.6263901	0.9220026	0.888378	0.90718365	0.89345235	0.87271357	0.78368616	0.85484546	0.8170271	0.7506542	0.8764868	0.961539	0.9465368	0.9079037	0.8965117	0.64759445	0.83461297	0.92614114	0.78068775	0.7764877	0.8221091	0.81968284	0.9078821	0.95726067	0.9275536	0.8412609	0.6243261	0.7913616	0.87191737	0.85136163	0.93138593	0.8892834	0.72744	0.8383035	0.8494164	0.9025883	0.92708	0.80531424	0.9164106	0.8392495	0.8758244	0.87400436	0.72235596	0.9643278	0.8692446	0.7674207	0.8614837	0.92638457	0.73572206	0.8293782	0.90410423	0.7017426
heerlijk/adj	0.94341993	0.95802444	0.72873485	0.91932994	0.9493289	0.85911906	0.8013373	0.961968	0.72815883	0.8036209	0.8272279	0.90927744	0.8874138	0.8647161	0.60254085	0.78380775	0.8844255	0.9458252	0.74648905	0.7883503	0.8400952	0.7910333	0.0	0.89651793	0.83313817	0.80860066	0.81951976	0.830782	0.8257376	0.74316514	0.91428334	0.6958226	0.91466475	0.90247536	0.9413328	0.8766519	0.8837665	0.81239474	0.8297064	0.8767113	0.79029167	0.8405226	0.902398	0.9152015	0.92186177	0.8794142	0.8130204	0.9012494	0.8790222	0.8809599	0.83276993	0.87119	0.8529444	0.9061568	0.95263034	0.91021246	0.7549434	0.8062922	0.8356384	0.8775705	0.6906138	0.9116362	0.9164105	0.8590105	0.80324966	0.83067894	0.8969466	0.91841197	0.75908005	0.9232236	0.80226374	0.815886	0.8409699	0.84046113	0.9559054	0.7615932	0.7180817	0.8225049	0.8956823	0.77460307	0.7905739	0.8256298	0.86533916
herhaling/noun	0.96480155	0.93104935	0.8462974	0.89569336	0.94286454	0.8191722	0.89563185	0.9414627	0.8490332	0.7893721	0.8062583	0.91070265	0.90155417	0.83258796	0.8060567	0.8379492	0.8811062	0.9241124	0.8416258	0.8465165	0.8994936	0.91959715	0.89651793	0.0	0.8685849	0.90985984	0.88282794	0.8377404	0.8029333	0.85784215	0.9131036	0.87047833	0.9284626	0.94726	0.9547729	0.9129601	0.8847351	0.862241	0.84118	0.9461134	0.9262847	0.8768512	0.9069726	0.8753621	0.9086387	0.93148327	0.8707309	0.9094017	0.8667473	0.91347384	0.89037806	0.8683551	0.9418683	0.8189408	0.9400293	0.9143285	0.8348674	0.90370667	0.9382027	0.9136657	0.8687407	0.87465364	0.9275845	0.9007586	0.8153691	0.88104737	0.87612873	0.9678102	0.8186485	0.93202174	0.8580249	0.8467355	0.8396106	0.88379663	0.93147916	0.80329067	0.85530555	0.8416504	0.9455679	0.8509696	0.8467504	0.9064563	0.8934597
het/det	0.92253643	0.96166915	0.82953143	0.9285257	0.90557206	0.8311198	0.84516525	0.92499685	0.854478	0.8797456	0.82280195	0.91428006	0.91323394	0.8391677	0.74238086	0.80106527	0.8367037	0.9315382	0.84279907	0.8703533	0.86487293	0.8857212	0.83313817	0.8685849	0.0	0.86184514	0.9038719	0.8790985	0.8443756	0.85951173	0.8654717	0.8349498	0.9001336	0.87909687	0.9258052	0.9026517	0.8460789	0.836803	0.87585133	0.89073724	0.87358254	0.8526624	0.9288755	0.8909168	0.8935375	0.91965514	0.8706088	0.9090464	0.84996134	0.8735884	0.84170926	0.87901783	0.8925661	0.8041881	0.89005834	0.9181369	0.87751544	0.8732905	0.87951136	0.8839023	0.82141924	0.8551608	0.8689308	0.8666443	0.8332759	0.8622909	0.8667841	0.8835883	0.86356163	0.9207652	0.7949604	0.8224633	0.8838519	0.8424539	0.9376025	0.8230702	0.841462	0.81635493	0.9471501	0.8522482	0.8421329	0.878386	0.89308566
huid/noun	0.9720361	0.94471747	0.810425	0.92637795	0.92166567	0.8805864	0.81103873	0.90777045	0.723714	0.81738514	0.8406399	0.88773626	0.9347784	0.8540789	0.66366565	0.79192275	0.88481706	0.9273415	0.76548374	0.8444336	0.82384336	0.5866791	0.80860066	0.90985984	0.86184514	0.0	0.8991028	0.8760165	0.8640456	0.81752115	0.87083876	0.6838292	0.925813	0.85868716	0.91836244	0.8830872	0.86325884	0.8428854	0.8748633	0.7782428	0.68210423	0.8726414	0.9676448	0.91895944	0.8929566	0.8939136	0.65431046	0.84286284	0.8942341	0.68881327	0.77988225	0.71402067	0.7649489	0.8933245	0.93044686	0.92574376	0.8404461	0.70981586	0.8494488	0.88490677	0.85599947	0.8866073	0.8976903	0.795312	0.7984531	0.8241438	0.9065119	0.9241117	0.81606996	0.92510957	0.83099234	0.86369014	0.8522834	0.6933323	0.9725852	0.86828756	0.7902826	0.8437077	0.93573743	0.7774862	0.8051896	0.8944246	0.7791369
ik/pron	0.9009712	0.9211857	0.633185	0.89643735	0.96327657	0.8415506	0.89245564	0.9622543	0.8302305	0.69909924	0.7884307	0.92102844	0.9607394	0.8507121	0.79807925	0.82738113	0.94055337	0.89385885	0.8592966	0.7545699	0.92581475	0.88187855	0.81951976	0.88282794	0.9038719	0.8991028	0.0	0.8565866	0.76125115	0.885786	0.9103234	0.9086582	0.92621875	0.9456383	0.8904358	0.90182555	0.896374	0.8929279	0.86128306	0.9581757	0.95418966	0.87036955	0.93353665	0.8869267	0.86061656	0.92299604	0.8173719	0.90559673	0.9462152	0.95638347	0.9078294	0.74541456	0.93708724	0.9078201	0.91471034	0.90854424	0.8875579	0.84059703	0.907078	0.88874185	0.87094474	0.91288686	0.87919927	0.8669285	0.84765744	0.77782184	0.84596795	0.96262836	0.8586481	0.91252375	0.9237583	0.85042435	0.8079547	0.9317607	0.9353371	0.89629984	0.7295725	0.8640264	0.90269095	0.41048956	0.6649984	0.86565715	0.90422285
indruk/noun	0.9627046	0.9424619	0.71696186	0.9130738	0.9492161	0.837161	0.8695233	0.94804585	0.73811114	0.7993138	0.7935799	0.8942233	0.90786207	0.8263739	0.71338654	0.689906	0.90499854	0.92750657	0.8073141	0.70058763	0.87019837	0.8784798	0.830782	0.8377404	0.8790985	0.8760165	0.8565866	0.0	0.8214178	0.7838643	0.88487417	0.81337667	0.93332666	0.92619157	0.93526554	0.9168458	0.9023506	0.8596294	0.8715223	0.938961	0.9325669	0.82597536	0.9255176	0.9082167	0.9159653	0.92321867	0.792912	0.93350893	0.88722134	0.91152525	0.85600185	0.85620785	0.9635673	0.8087911	0.9250369	0.9156426	0.82147205	0.8820917	0.890651	0.89153564	0.7098435	0.851807	0.88140273	0.8926982	0.6800757	0.7407583	0.85569096	0.941458	0.71786666	0.95804346	0.8542001	0.7497059	0.84996426	0.892867	0.9433818	0.7596115	0.65122426	0.78214645	0.9258934	0.8266417	0.68791234	0.85478616	0.86482835
kijker/noun	0.93823373	0.95131314	0.7564825	0.9329161	0.97278416	0.82255423	0.82974726	0.9467391	0.7410495	0.7554455	0.8021453	0.9076841	0.9392795	0.8365394	0.7430196	0.794948	0.8987838	0.91952163	0.78937966	0.77103484	0.8839779	0.8667641	0.8257376	0.8029333	0.8443756	0.8640456	0.76125115	0.8214178	0.0	0.8290491	0.90883964	0.8134732	0.89572346	0.94744396	0.9399488	0.93768775	0.8403257	0.8435639	0.8569221	0.9292674	0.92125505	0.84691215	0.907736	0.9144298	0.9020623	0.9118587	0.7725787	0.9061613	0.86355656	0.9080564	0.86569524	0.86010236	0.9219716	0.8528128	0.91996914	0.9038118	0.83785063	0.8731524	0.90150917	0.91312647	0.81315345	0.8497369	0.8973673	0.8950472	0.8010153	0.81321996	0.87335473	0.9358442	0.8159065	0.93467563	0.84662116	0.8022717	0.83737713	0.88475126	0.93601453	0.73325384	0.7826121	0.7875999	0.9584983	0.7238183	0.76991	0.88890874	0.898857
klank/noun	0.966819	0.9577285	0.7905787	0.8897646	0.9427909	0.88698643	0.8296248	0.9587212	0.7519951	0.7760702	0.83358777	0.8388754	0.86683375	0.826149	0.64137214	0.7552179	0.8487037	0.91393375	0.48121178	0.7577211	0.80257183	0.81041646	0.74316514	0.85784215	0.85951173	0.81752115	0.885786	0.7838643	0.8290491	0.0	0.8870195	0.6441592	0.879168	0.88294005	0.9326134	0.8319259	0.842482	0.8557478	0.7518991	0.85757846	0.8492318	0.7939846	0.91293204	0.87828535	0.9268285	0.86850524	0.77284235	0.89860386	0.8118652	0.80419445	0.8487974	0.8679891	0.8747978	0.86438435	0.9452455	0.894614	0.52925056	0.8424062	0.8656119	0.89417994	0.62700695	0.8355123	0.9201913	0.8639593	0.7348912	0.82065827	0.87250453	0.88657457	0.60330963	0.84764665	0.7300247	0.75708044	0.8214842	0.8017031	0.9409974	0.7137604	0.7291484	0.7643596	0.8000973	0.8252723	0.72803175	0.78487074	0.8271017
klap/noun	0.9394675	0.9498658	0.86736035	0.91847146	0.85805	0.888679	0.87995374	0.8982364	0.8575177	0.83002543	0.8680772	0.6758784	0.9161413	0.8328717	0.7755317	0.8403338	0.7857224	0.9401232	0.83228695	0.8857454	0.8884161	0.8854972	0.91428334	0.9131036	0.8654717	0.87083876	0.9103234	0.88487417	0.90883964	0.8870195	0.0	0.8958484	0.921709	0.8835838	0.86226195	0.73589325	0.8837354	0.8718671	0.8884253	0.90640867	0.9097074	0.8748952	0.9292773	0.8882545	0.88831794	0.9261317	0.8592032	0.92432624	0.9306159	0.88648814	0.8797354	0.7834171	0.9131094	0.85047084	0.8630353	0.9134716	0.88795763	0.89102536	0.85578126	0.8065111	0.90944076	0.8571295	0.739305	0.8426498	0.89456064	0.90393114	0.8247179	0.9498435	0.8823359	0.8726114	0.88384634	0.90855896	0.86750674	0.89555144	0.8744971	0.9151351	0.872417	0.8896132	0.9457521	0.84208375	0.8827459	0.90897167	0.91177523
kleur/noun	0.9624979	0.9460993	0.75755376	0.92527324	0.8993319	0.8539109	0.724227	0.9275687	0.69894433	0.7821804	0.82350874	0.8824934	0.87264305	0.8465632	0.57827234	0.7713725	0.84974754	0.9413948	0.66770434	0.80758595	0.71730316	0.6263901	0.6958226	0.87047833	0.8349498	0.6838292	0.9086582	0.81337667	0.8134732	0.6441592	0.8958484	0.0	0.9057323	0.8103194	0.93987066	0.87111324	0.8170233	0.76197654	0.84189695	0.7162378	0.6836718	0.8112673	0.92462015	0.91618055	0.9130826	0.88803107	0.71023005	0.8672144	0.85450685	0.698671	0.69399977	0.87508976	0.8033248	0.89275336	0.9485147	0.93618834	0.70739186	0.685609	0.8467655	0.8873908	0.7051759	0.8676907	0.9018522	0.71648955	0.76512104	0.8265464	0.9045789	0.88889027	0.70416284	0.8941611	0.763065	0.76649547	0.8517833	0.6241065	0.9639723	0.73477805	0.7218499	0.78319997	0.88433033	0.8222218	0.77211165	0.8527442	0.62654823
klik/noun	0.9552754	0.96424156	0.9452536	0.92342216	0.92468804	0.9317968	0.92693424	0.9435769	0.9197509	0.87351453	0.90089744	0.91360617	0.93823135	0.90987897	0.8699266	0.9352104	0.93854547	0.92133266	0.8615753	0.8846986	0.9548855	0.9220026	0.91466475	0.9284626	0.9001336	0.925813	0.92621875	0.93332666	0.89572346	0.879168	0.921709	0.9057323	0.0	0.94807523	0.93008864	0.9014227	0.90961766	0.93398166	0.9139451	0.94422567	0.92761904	0.92735004	0.9426745	0.9419334	0.9515005	0.94845784	0.8964107	0.9269011	0.923059	0.9152051	0.8929398	0.9219763	0.92827326	0.94646657	0.9654479	0.9463282	0.9114585	0.89850104	0.93063223	0.92142737	0.9431099	0.9110607	0.9609525	0.94746166	0.9117	0.9447533	0.9261094	0.93773854	0.923283	0.9363021	0.92183053	0.9227584	0.93264693	0.94697344	0.94184315	0.9431246	0.9299059	0.90689343	0.95257574	0.90408003	0.91147184	0.93281335	0.9246459
klinker/noun	0.9684138	0.9404273	0.9207067	0.94566876	0.80680466	0.94340026	0.89393955	0.95013916	0.89834046	0.8820716	0.9027252	0.90072316	0.87294805	0.9311896	0.8428694	0.9147978	0.9038898	0.9562747	0.90547264	0.94694865	0.9123527	0.888378	0.90247536	0.94726	0.87909687	0.85868716	0.9456383	0.92619157	0.94744396	0.88294005	0.8835838	0.8103194	0.94807523	0.0	0.94299716	0.8739467	0.9106503	0.89223254	0.9310632	0.8326776	0.825972	0.91436607	0.94342977	0.96134627	0.92092174	0.88154817	0.88619435	0.92548174	0.9473326	0.8461975	0.85893863	0.94860977	0.8608794	0.9533931	0.94480705	0.9568356	0.8991114	0.855226	0.91739815	0.9167967	0.9403364	0.94666415	0.91607815	0.8428336	0.89391637	0.885606	0.95276576	0.9008219	0.9034652	0.9452889	0.90710366	0.9163206	0.91649413	0.8591097	0.9052633	0.9179174	0.90082145	0.929358	0.92205477	0.9090608	0.8870216	0.9585192	0.89662707
klop/noun	0.92946804	0.9139378	0.92568934	0.9400898	0.9339538	0.95906126	0.9472338	0.95044565	0.93618786	0.92031616	0.922258	0.85879767	0.94705015	0.91612834	0.90377796	0.92660373	0.9503327	0.9462026	0.91971785	0.95108914	0.9337246	0.90718365	0.9413328	0.9547729	0.9258052	0.91836244	0.8904358	0.93526554	0.9399488	0.9326134	0.86226195	0.93987066	0.93008864	0.94299716	0.0	0.8919289	0.9357591	0.9631927	0.8993312	0.9355533	0.9345095	0.91130304	0.9463585	0.9411002	0.9226525	0.9125891	0.91704744	0.9362505	0.9352915	0.9143985	0.94231004	0.8806555	0.9416236	0.9523582	0.9359932	0.92588	0.9198236	0.9510214	0.9370443	0.89909863	0.9393959	0.9279885	0.8781701	0.9083172	0.92661595	0.93650967	0.93438536	0.9658862	0.9157615	0.9057876	0.9324707	0.9362155	0.9183768	0.9560446	0.8734884	0.95995045	0.91503674	0.95200235	0.9619798	0.8779404	0.93483216	0.9318972	0.9199308
knal/noun	0.93927157	0.9411061	0.9104899	0.90221375	0.84488285	0.93238616	0.91366094	0.9361069	0.86254466	0.8652396	0.8869445	0.76875484	0.9358517	0.88021845	0.82543385	0.9032405	0.73674333	0.9333722	0.7744001	0.893612	0.9072248	0.89345235	0.8766519	0.9129601	0.9026517	0.8830872	0.90182555	0.9168458	0.93768775	0.8319259	0.73589325	0.87111324	0.9014227	0.8739467	0.8919289	0.0	0.91212785	0.8994324	0.839569	0.88653886	0.9008815	0.8718399	0.93417	0.9131981	0.91989017	0.9395014	0.8554592	0.8999421	0.94387996	0.8459747	0.9106636	0.854413	0.87845856	0.88394177	0.93007445	0.9194776	0.8605603	0.88838613	0.8050821	0.68175435	0.8939936	0.9052292	0.8947205	0.8787425	0.9153256	0.9149772	0.8897892	0.9189703	0.8786773	0.8970166	0.9234117	0.9222319	0.8850168	0.8842181	0.8799933	0.91388714	0.88574	0.91590035	0.9163894	0.8667338	0.8939275	0.8859149	0.9095424
koper/noun	0.9475348	0.96280205	0.8627449	0.9329677	0.9117147	0.86377966	0.80152243	0.95224506	0.8373587	0.8061573	0.8453963	0.90980816	0.8995958	0.89570606	0.72684264	0.8328364	0.8960849	0.9504841	0.8381189	0.90250146	0.8686228	0.87271357	0.8837665	0.8847351	0.8460789	0.86325884	0.896374	0.9023506	0.8403257	0.842482	0.8837354	0.8170233	0.90961766	0.9106503	0.9357591	0.91212785	0.0	0.89367115	0.9061191	0.7969773	0.8382935	0.9077355	0.96492916	0.9402734	0.93285835	0.93959117	0.8845639	0.9224143	0.87682146	0.8479112	0.7762041	0.92395914	0.8760212	0.88140684	0.9399595	0.91438574	0.8657856	0.8347426	0.90025914	0.91844064	0.87947595	0.8722292	0.8999695	0.8787	0.85242915	0.83046144	0.88945574	0.9374421	0.8678024	0.9252851	0.85852873	0.85594416	0.9242003	0.83975315	0.9359288	0.8605012	0.84497666	0.8761169	0.9305543	0.8149822	0.8575261	0.8733665	0.8346226
kort/adj	0.9636822	0.9626587	0.8534697	0.93236685	0.9382874	0.850899	0.84615827	0.93350947	0.8293266	0.81601006	0.8560321	0.9343309	0.89825785	0.89125735	0.72625256	0.80478144	0.8676644	0.9555863	0.82244074	0.90812474	0.88391805	0.78368616	0.81239474	0.862241	0.836803	0.8428854	0.8929279	0.8596294	0.8435639	0.8557478	0.8718671	0.76197654	0.93398166	0.89223254	0.9631927	0.8994324	0.89367115	0.0	0.8841343	0.91770816	0.887534	0.9178162	0.9562442	0.9382174	0.92807156	0.92628944	0.8381833	0.91144556	0.8251956	0.89175856	0.85860014	0.8769196	0.8963866	0.880045	0.93315315	0.930266	0.8627027	0.8132375	0.89402187	0.8850295	0.89334756	0.89097977	0.88641196	0.85428184	0.8145059	0.8483387	0.918525	0.93546796	0.8320455	0.9320468	0.84506994	0.8469898	0.90534264	0.88369733	0.94458866	0.7998842	0.8264041	0.86122715	0.9531526	0.8255453	0.8512418	0.91608655	0.85010684
kreet/noun	0.9451316	0.93841016	0.8238181	0.8574112	0.95749557	0.87510294	0.8464222	0.94488966	0.76512796	0.81058705	0.8266568	0.8766329	0.93523186	0.82723063	0.7668931	0.8224764	0.8466947	0.9095619	0.72857577	0.77889526	0.87974757	0.85484546	0.8297064	0.84118	0.87585133	0.8748633	0.86128306	0.8715223	0.8569221	0.7518991	0.8884253	0.84189695	0.9139451	0.9310632	0.8993312	0.839569	0.9061191	0.8841343	0.0	0.91106445	0.91248846	0.85233736	0.9404255	0.86961865	0.91880816	0.92921996	0.8115019	0.92868656	0.905437	0.8903048	0.88461673	0.8339406	0.92238784	0.86412454	0.9393776	0.8679951	0.8256146	0.88158894	0.8755017	0.891296	0.8160014	0.8330561	0.9221808	0.88354623	0.83809054	0.87758136	0.84113693	0.942551	0.77730834	0.91504645	0.8133389	0.83079225	0.7846936	0.87096035	0.9481357	0.81101996	0.84455025	0.8603118	0.91994464	0.8211903	0.8192242	0.83507544	0.87449205
kunststof/noun	0.9552152	0.96548325	0.89498085	0.95316035	0.8635916	0.9251565	0.8241324	0.969494	0.83890873	0.8701205	0.90106595	0.89930713	0.9305184	0.9126048	0.73184675	0.89389724	0.89861906	0.9646371	0.84850603	0.948718	0.8772003	0.8170271	0.8767113	0.9461134	0.89073724	0.7782428	0.9581757	0.938961	0.9292674	0.85757846	0.90640867	0.7162378	0.94422567	0.8326776	0.9355533	0.88653886	0.7969773	0.91770816	0.91106445	0.0	0.6729585	0.90963525	0.96368253	0.9557037	0.9520446	0.9462476	0.8907008	0.9230737	0.9092353	0.7600948	0.7306758	0.9458036	0.7917501	0.94577456	0.96620184	0.943253	0.891324	0.817001	0.8891708	0.8886068	0.9073782	0.90740323	0.93790346	0.84524405	0.8671266	0.9011377	0.94022965	0.91355073	0.91912055	0.9397901	0.87524366	0.9144472	0.9168424	0.71860015	0.9648021	0.90069115	0.8600553	0.9112899	0.9565458	0.8870537	0.89728445	0.91774976	0.81326723
laag_DIM/noun	0.9588677	0.9670526	0.83043945	0.94009644	0.8822916	0.92135775	0.79744226	0.9527626	0.8231907	0.8541324	0.88562214	0.91223407	0.9295492	0.90225315	0.7179457	0.8811606	0.8849375	0.9519211	0.82273424	0.8884697	0.7817246	0.7506542	0.79029167	0.9262847	0.87358254	0.68210423	0.95418966	0.9325669	0.92125505	0.8492318	0.9097074	0.6836718	0.92761904	0.825972	0.9345095	0.9008815	0.8382935	0.887534	0.91248846	0.6729585	0.0	0.8829621	0.95351756	0.9446279	0.9302562	0.9360901	0.833569	0.8890713	0.9226704	0.7088234	0.7788828	0.91548955	0.77402943	0.92459697	0.9482074	0.9429411	0.864026	0.78582144	0.9105	0.8958663	0.8701078	0.8938656	0.95492494	0.81135106	0.86148405	0.8709523	0.9328785	0.9618561	0.8666113	0.9440587	0.8473476	0.9020789	0.90393585	0.7327021	0.949104	0.90347046	0.8526288	0.8745401	0.9538591	0.8728596	0.8803465	0.91953117	0.8042481
leegte/noun	0.9488761	0.9540189	0.8199233	0.8381929	0.9260319	0.8793373	0.89789295	0.9493984	0.8036718	0.8006879	0.841848	0.88470346	0.9141963	0.76971436	0.77281463	0.82014334	0.85333836	0.9185017	0.77974725	0.7534746	0.84778607	0.8764868	0.8405226	0.8768512	0.8526624	0.8726414	0.87036955	0.82597536	0.84691215	0.7939846	0.8748952	0.8112673	0.92735004	0.91436607	0.91130304	0.8718399	0.9077355	0.9178162	0.85233736	0.90963525	0.8829621	0.0	0.88293666	0.8208042	0.88899165	0.90404683	0.8158554	0.90939057	0.89834183	0.85421306	0.8941609	0.8285048	0.898423	0.8988854	0.9400268	0.8703089	0.84636295	0.9100284	0.9222822	0.90679634	0.76638216	0.9123165	0.92657185	0.9008064	0.81377256	0.8861306	0.84960145	0.8985593	0.8186368	0.9181712	0.877876	0.8273493	0.7582089	0.8494086	0.9093188	0.8228984	0.8317785	0.76729405	0.88057935	0.85393965	0.8409483	0.82735217	0.87451804
lethargie/noun	0.9622435	0.94518423	0.93974686	0.91931796	0.952627	0.93587804	0.96125495	0.9535735	0.929514	0.90897715	0.9304713	0.91242117	0.95872223	0.8492346	0.89802	0.9461373	0.92822456	0.892147	0.9289416	0.8996091	0.92148775	0.961539	0.902398	0.9069726	0.9288755	0.9676448	0.93353665	0.9255176	0.907736	0.91293204	0.9292773	0.92462015	0.9426745	0.94342977	0.9463585	0.93417	0.96492916	0.9562442	0.9404255	0.96368253	0.95351756	0.88293666	0.0	0.8971512	0.8913651	0.92637	0.9409812	0.95995885	0.96493816	0.95741373	0.9597834	0.9170556	0.9325833	0.91767657	0.94891626	0.8994854	0.89431924	0.96253973	0.95835865	0.9475564	0.8784886	0.94715095	0.9435277	0.9508311	0.9406394	0.9627768	0.90001184	0.95133424	0.9338479	0.9622988	0.935509	0.9104701	0.90590835	0.94536835	0.89259404	0.9433361	0.9313891	0.9234307	0.9183377	0.93513465	0.9386433	0.91205937	0.95502055
lijden/noun	0.94336337	0.93437153	0.8814364	0.8901909	0.96351135	0.8851358	0.9420025	0.9238348	0.88775176	0.8266796	0.85903084	0.9091122	0.9177233	0.7146393	0.8292944	0.87632835	0.8944307	0.8947884	0.89100623	0.8044659	0.92478967	0.9465368	0.9152015	0.8753621	0.8909168	0.91895944	0.8869267	0.9082167	0.9144298	0.87828535	0.8882545	0.91618055	0.9419334	0.96134627	0.9411002	0.9131981	0.9402734	0.9382174	0.86961865	0.9557037	0.9446279	0.8208042	0.8971512	0.0	0.78718656	0.92445993	0.89791864	0.92379713	0.89624816	0.94942695	0.92902064	0.7389662	0.9363317	0.87289023	0.96162945	0.87798536	0.9031228	0.9561591	0.943419	0.9291874	0.90359706	0.9009221	0.9154437	0.9525856	0.9028402	0.9151154	0.837794	0.96369153	0.9044195	0.9448541	0.91144085	0.83927166	0.7446319	0.9364183	0.88387537	0.89348716	0.9020982	0.86003745	0.9545085	0.86000466	0.87242305	0.886063	0.93122566
miserie/noun	0.927886	0.9398861	0.85436237	0.9053511	0.94068885	0.9124067	0.92953503	0.9401341	0.89077836	0.84785616	0.8531526	0.89972854	0.9149862	0.66219527	0.858773	0.89189947	0.9234609	0.90129316	0.9169556	0.8854309	0.8920959	0.9079037	0.92186177	0.9086387	0.8935375	0.8929566	0.86061656	0.9159653	0.9020623	0.9268285	0.88831794	0.9130826	0.9515005	0.92092174	0.9226525	0.91989017	0.93285835	0.92807156	0.91880816	0.9520446	0.9302562	0.88899165	0.8913651	0.78718656	0.0	0.94666475	0.8895985	0.9335298	0.9396886	0.90793735	0.8984103	0.80194855	0.9174463	0.91918075	0.9579701	0.9064467	0.9135996	0.90754586	0.92791295	0.9134788	0.8985964	0.917649	0.92808014	0.89647925	0.92087615	0.9094475	0.8084426	0.93849134	0.91686994	0.93457574	0.92905533	0.8803246	0.7654658	0.9122295	0.8119521	0.9090446	0.8788967	0.89676636	0.9393474	0.8353224	0.8952025	0.908266	0.92416614
o/noun	0.93331826	0.9338489	0.9002516	0.92033374	0.9479772	0.93165445	0.9215288	0.95001143	0.89670044	0.8804964	0.92143416	0.9171175	0.82726246	0.92573065	0.8857783	0.8848966	0.94481975	0.9583787	0.8999731	0.8997457	0.91494364	0.8965117	0.8794142	0.93148327	0.91965514	0.8939136	0.92299604	0.92321867	0.9118587	0.86850524	0.9261317	0.88803107	0.94845784	0.88154817	0.9125891	0.9395014	0.93959117	0.92628944	0.92921996	0.9462476	0.9360901	0.90404683	0.92637	0.92445993	0.94666475	0.0	0.89299273	0.9584943	0.9057847	0.940219	0.91925323	0.9223836	0.9053322	0.9286216	0.955249	0.94413996	0.9216265	0.934548	0.9341169	0.94111055	0.9072595	0.96437943	0.94364095	0.934247	0.9124543	0.933152	0.93062294	0.9460632	0.90372294	0.9172361	0.9126509	0.9193485	0.88602746	0.91534895	0.9514062	0.8845488	0.9263131	0.89378995	0.941611	0.91320956	0.89123833	0.91084254	0.93590367
oog/noun	0.9479415	0.9297323	0.7208116	0.8876853	0.8986554	0.84201527	0.82524955	0.9151977	0.5353892	0.78619367	0.8177339	0.8922031	0.93108016	0.8400038	0.67256063	0.76354986	0.8940717	0.9005844	0.7514491	0.77569264	0.80805105	0.64759445	0.8130204	0.8707309	0.8706088	0.65431046	0.8173719	0.792912	0.7725787	0.77284235	0.8592032	0.71023005	0.8964107	0.88619435	0.91704744	0.8554592	0.8845639	0.8381833	0.8115019	0.8907008	0.833569	0.8158554	0.9409812	0.89791864	0.8895985	0.89299273	0.0	0.69285226	0.9096065	0.8066143	0.8210819	0.76832795	0.88306475	0.8782453	0.9314746	0.8849191	0.8150566	0.74609774	0.79830456	0.8649296	0.8190999	0.8701297	0.9015572	0.77246356	0.79163873	0.8250165	0.8730736	0.93993807	0.7406037	0.92599386	0.85786545	0.82425547	0.8121761	0.79008293	0.95412105	0.83146393	0.726797	0.7935396	0.910104	0.7378508	0.7672831	0.82100296	0.75995785
oog_DIM/noun	0.9672165	0.9727898	0.8795949	0.9338883	0.93318623	0.9165202	0.9116855	0.9341922	0.82276547	0.8797675	0.9042336	0.92545813	0.91467714	0.9120971	0.82916385	0.90649223	0.91521746	0.9464495	0.89571416	0.9098087	0.90320015	0.83461297	0.9012494	0.9094017	0.9090464	0.84286284	0.90559673	0.93350893	0.9061613	0.89860386	0.92432624	0.8672144	0.9269011	0.92548174	0.9362505	0.8999421	0.9224143	0.91144556	0.92868656	0.9230737	0.8890713	0.90939057	0.95995885	0.92379713	0.9335298	0.9584943	0.69285226	0.0	0.9498637	0.9058421	0.89383876	0.9022908	0.90613365	0.92691	0.9517175	0.9345094	0.92518854	0.8625401	0.9128471	0.9123046	0.9257831	0.92976636	0.9240208	0.87933147	0.91502947	0.8994405	0.9306232	0.9442344	0.8852732	0.9355628	0.9182666	0.9249103	0.89301324	0.85281634	0.96390456	0.9466538	0.88566923	0.9043791	0.95507884	0.8415088	0.890496	0.89291835	0.8465967
opgenomen/adj	0.95109487	0.95929307	0.92878425	0.91039306	0.9636699	0.8746333	0.87864023	0.9496839	0.8821623	0.84028447	0.87602687	0.9425331	0.8772044	0.9044298	0.785017	0.86526394	0.91611224	0.9608582	0.7944339	0.93089473	0.9065868	0.92614114	0.8790222	0.8667473	0.84996134	0.8942341	0.9462152	0.88722134	0.86355656	0.8118652	0.9306159	0.85450685	0.923059	0.9473326	0.9352915	0.94387996	0.87682146	0.8251956	0.905437	0.9092353	0.9226704	0.89834183	0.96493816	0.89624816	0.9396886	0.9057847	0.9096065	0.9498637	0.0	0.90372145	0.857416	0.92160076	0.90681815	0.91514355	0.9580771	0.9265859	0.8465494	0.9328035	0.9211192	0.94968545	0.8748629	0.89881563	0.94953704	0.91866374	0.8074213	0.9080429	0.93613684	0.8968758	0.8443318	0.930919	0.8387745	0.8506409	0.91239405	0.90175575	0.95422417	0.79997796	0.8987553	0.8564498	0.91594154	0.8966881	0.90826595	0.9031591	0.8900404
oppervlak/noun	0.96840614	0.96398395	0.8834934	0.9358205	0.87902987	0.93030185	0.8122579	0.90248424	0.8054172	0.8431965	0.8847695	0.91787624	0.93013763	0.8692902	0.7533214	0.8234963	0.85320795	0.9451788	0.79331744	0.90827566	0.8511016	0.78068775	0.8809599	0.91347384	0.8735884	0.68881327	0.95638347	0.91152525	0.9080564	0.80419445	0.88648814	0.698671	0.9152051	0.8461975	0.9143985	0.8459747	0.8479112	0.89175856	0.8903048	0.7600948	0.7088234	0.85421306	0.95741373	0.94942695	0.90793735	0.940219	0.8066143	0.9058421	0.90372145	0.0	0.7967538	0.9121477	0.8282084	0.93417364	0.9518651	0.95282626	0.8381641	0.8129152	0.9044668	0.89168715	0.88529265	0.9135507	0.9379828	0.8217807	0.8364999	0.83491063	0.91519827	0.8965472	0.86426926	0.9099297	0.87295485	0.88198346	0.8969797	0.75387573	0.93336546	0.86766183	0.8292117	0.84804535	0.944399	0.8818001	0.83052975	0.9296902	0.85098827
papier/noun	0.96615165	0.938234	0.81966424	0.95834106	0.8982455	0.85851437	0.6833323	0.94520164	0.77286494	0.7707631	0.84925646	0.9306258	0.92320937	0.87110865	0.66776335	0.81835794	0.8805219	0.963812	0.79259956	0.8869197	0.8719304	0.7764877	0.83276993	0.89037806	0.84170926	0.77988225	0.9078294	0.85600185	0.86569524	0.8487974	0.8797354	0.69399977	0.8929398	0.85893863	0.94231004	0.9106636	0.7762041	0.85860014	0.88461673	0.7306758	0.7788828	0.8941609	0.9597834	0.92902064	0.8984103	0.91925323	0.8210819	0.89383876	0.857416	0.7967538	0.0	0.89946467	0.75987905	0.88234353	0.9226757	0.93478173	0.8652499	0.7472655	0.8239826	0.8890297	0.8423189	0.8799776	0.8769659	0.81719244	0.815067	0.8566037	0.9135268	0.92816633	0.84941185	0.93240154	0.8217809	0.858821	0.87124026	0.70320344	0.9528327	0.83354145	0.8011888	0.82739735	0.9558305	0.7802847	0.8172843	0.9146834	0.7989516
pijn/noun	0.96694577	0.9506536	0.7899289	0.8585017	0.9600661	0.81919456	0.9221499	0.9377525	0.80124825	0.777846	0.8154481	0.86334246	0.94188523	0.732162	0.73749816	0.8182082	0.87935984	0.8813567	0.8009763	0.7055102	0.8779101	0.8221091	0.87119	0.8683551	0.87901783	0.71402067	0.74541456	0.85620785	0.86010236	0.8679891	0.7834171	0.87508976	0.9219763	0.94860977	0.8806555	0.854413	0.92395914	0.8769196	0.8339406	0.9458036	0.91548955	0.8285048	0.9170556	0.7389662	0.80194855	0.9223836	0.76832795	0.9022908	0.92160076	0.9121477	0.89946467	0.0	0.8988013	0.8687743	0.929761	0.8697283	0.86652297	0.86164725	0.8686585	0.88556856	0.85513544	0.8837056	0.865504	0.8630273	0.8908608	0.84549916	0.7767397	0.9688163	0.8503311	0.9032789	0.8925979	0.87494427	0.66860664	0.8860197	0.911687	0.88490194	0.8243208	0.84683335	0.9343295	0.7356318	0.83483917	0.8408059	0.89470875
poeder/noun	0.9566558	0.95021635	0.9150522	0.94752264	0.8865798	0.909179	0.8246007	0.9289291	0.8593273	0.87221646	0.9124317	0.9273919	0.9238557	0.8985511	0.782349	0.9069045	0.8775634	0.9497573	0.8697516	0.92480856	0.8829844	0.81968284	0.8529444	0.9418683	0.8925661	0.7649489	0.93708724	0.9635673	0.9219716	0.8747978	0.9131094	0.8033248	0.92827326	0.8608794	0.9416236	0.87845856	0.8760212	0.8963866	0.92238784	0.7917501	0.77402943	0.898423	0.9325833	0.9363317	0.9174463	0.9053322	0.88306475	0.90613365	0.90681815	0.8282084	0.75987905	0.8988013	0.0	0.9344561	0.9686167	0.9375	0.9095243	0.83219177	0.8779862	0.90550214	0.91175926	0.9213089	0.9469827	0.87259173	0.887022	0.8959054	0.9352153	0.92491716	0.90173376	0.95497274	0.85971546	0.92823267	0.8949864	0.7741475	0.9113177	0.9200342	0.9027013	0.929972	0.9421822	0.83699656	0.90313643	0.92779195	0.8739316
poging/noun	0.95642084	0.9525373	0.80852365	0.91952074	0.92696166	0.81060594	0.878373	0.88024306	0.86855423	0.8045953	0.8233298	0.9213892	0.943608	0.8512691	0.7282271	0.74041635	0.8525723	0.9222392	0.8555476	0.83469164	0.88775635	0.9078821	0.9061568	0.8189408	0.8041881	0.8933245	0.9078201	0.8087911	0.8528128	0.86438435	0.85047084	0.89275336	0.94646657	0.9533931	0.9523582	0.88394177	0.88140684	0.880045	0.86412454	0.94577456	0.92459697	0.8988854	0.91767657	0.87289023	0.91918075	0.9286216	0.8782453	0.92691	0.91514355	0.93417364	0.88234353	0.8687743	0.9344561	0.0	0.9244336	0.8924721	0.87636596	0.8970732	0.8651862	0.8180774	0.8576047	0.8177661	0.818215	0.89242405	0.80264205	0.83632207	0.87185633	0.965645	0.8221837	0.96019554	0.831229	0.8117453	0.8348403	0.91508365	0.9525338	0.8397403	0.7994869	0.8196033	0.9643172	0.8259248	0.8023882	0.8848611	0.891279
punt/noun	0.93616784	0.9563456	0.93029994	0.944414	0.9555165	0.9437376	0.95534295	0.97633046	0.93794525	0.8525037	0.9157088	0.9105495	0.9543073	0.9422523	0.908371	0.9066218	0.9616334	0.958941	0.94668996	0.9090044	0.9077406	0.95726067	0.95263034	0.9400293	0.89005834	0.93044686	0.91471034	0.9250369	0.91996914	0.9452455	0.8630353	0.9485147	0.9654479	0.94480705	0.9359932	0.93007445	0.9399595	0.93315315	0.9393776	0.96620184	0.9482074	0.9400268	0.94891626	0.96162945	0.9579701	0.955249	0.9314746	0.9517175	0.9580771	0.9518651	0.9226757	0.929761	0.9686167	0.9244336	0.0	0.9629035	0.9458513	0.93383706	0.91704416	0.8774462	0.9565695	0.9181422	0.8382731	0.8614378	0.93384767	0.9076925	0.90687084	0.97365123	0.94461066	0.94455785	0.94691783	0.94599307	0.93499434	0.9545555	0.96684515	0.95528185	0.9041202	0.93681425	0.9783577	0.90363866	0.9068908	0.9119596	0.9455624
razernij/noun	0.9451373	0.9479223	0.907599	0.891396	0.93535376	0.9367118	0.95412785	0.914514	0.8897581	0.8823191	0.8709196	0.92293483	0.96393555	0.85476965	0.8455309	0.91634876	0.894996	0.89146936	0.8945472	0.8315142	0.91212106	0.9275536	0.91021246	0.9143285	0.9181369	0.92574376	0.90854424	0.9156426	0.9038118	0.894614	0.9134716	0.93618834	0.9463282	0.9568356	0.92588	0.9194776	0.91438574	0.930266	0.8679951	0.943253	0.9429411	0.8703089	0.8994854	0.87798536	0.9064467	0.94413996	0.8849191	0.9345094	0.9265859	0.95282626	0.93478173	0.8697283	0.9375	0.8924721	0.9629035	0.0	0.9064162	0.9539405	0.9103802	0.921776	0.87665415	0.9232306	0.9482382	0.95086515	0.903913	0.91208947	0.87462187	0.9642281	0.9001213	0.95206	0.9338401	0.8833376	0.84516466	0.9289187	0.9170215	0.914539	0.9165796	0.8884946	0.96395063	0.8692104	0.8877571	0.8960403	0.9215167
ritme/noun	0.97166616	0.94426215	0.7830254	0.9111401	0.94282085	0.88152015	0.8758671	0.9696702	0.7635066	0.802035	0.83546257	0.8397471	0.8674615	0.8480369	0.6552168	0.77084285	0.8593358	0.91034406	0.62603986	0.79722285	0.83977246	0.8412609	0.7549434	0.8348674	0.87751544	0.8404461	0.8875579	0.82147205	0.83785063	0.52925056	0.88795763	0.70739186	0.9114585	0.8991114	0.9198236	0.8605603	0.8657856	0.8627027	0.8256146	0.891324	0.864026	0.84636295	0.89431924	0.9031228	0.9135996	0.9216265	0.8150566	0.92518854	0.8465494	0.8381641	0.8652499	0.86652297	0.9095243	0.87636596	0.9458513	0.9064162	0.0	0.8390382	0.8767655	0.86744684	0.66926324	0.8715128	0.9008692	0.84801084	0.7591501	0.8483296	0.89484614	0.9318665	0.67672753	0.84719056	0.7780489	0.799883	0.8666594	0.8462211	0.94803655	0.7206323	0.7523413	0.8089877	0.8361268	0.8324995	0.7852912	0.8050525	0.87114394
schoen/noun	0.96825933	0.94507074	0.79788864	0.94147515	0.90784895	0.8990548	0.77306473	0.9457786	0.7408962	0.8275161	0.8708267	0.93064797	0.8859319	0.8984696	0.6444783	0.83519	0.9090123	0.9581639	0.81545556	0.89725184	0.85300714	0.6243261	0.8062922	0.90370667	0.8732905	0.70981586	0.84059703	0.8820917	0.8731524	0.8424062	0.89102536	0.685609	0.89850104	0.855226	0.9510214	0.88838613	0.8347426	0.8132375	0.88158894	0.817001	0.78582144	0.9100284	0.96253973	0.9561591	0.90754586	0.934548	0.74609774	0.8625401	0.9328035	0.8129152	0.7472655	0.86164725	0.83219177	0.8970732	0.93383706	0.9539405	0.8390382	0.0	0.83034813	0.858014	0.855435	0.93063194	0.8973368	0.7842075	0.8383251	0.84184897	0.90776354	0.92355573	0.8578833	0.91379344	0.8685664	0.8564402	0.89542305	0.72905165	0.9729972	0.87319845	0.79164994	0.8973439	0.94112587	0.73244154	0.84608704	0.91570044	0.7636273
schoot/noun	0.93954265	0.9563133	0.85420877	0.92186975	0.93246186	0.9029545	0.868389	0.94307745	0.7979047	0.844423	0.87494344	0.89044875	0.91964614	0.8879814	0.7637608	0.87880516	0.8526	0.9498985	0.82955885	0.9004229	0.92567056	0.7913616	0.8356384	0.9382027	0.87951136	0.8494488	0.907078	0.890651	0.90150917	0.8656119	0.85578126	0.8467655	0.93063223	0.91739815	0.9370443	0.8050821	0.90025914	0.89402187	0.8755017	0.8891708	0.9105	0.9222822	0.95835865	0.943419	0.92791295	0.9341169	0.79830456	0.9128471	0.9211192	0.9044668	0.8239826	0.8686585	0.8779862	0.8651862	0.91704416	0.9103802	0.8767655	0.83034813	0.0	0.72296894	0.8908441	0.90313816	0.88643354	0.86247075	0.8761989	0.8920319	0.9134854	0.94487417	0.8789301	0.9161179	0.8871805	0.89490944	0.890123	0.86609715	0.9322631	0.9078363	0.8383813	0.9066306	0.934396	0.79767275	0.8747921	0.8838232	0.86083555
schot/noun	0.9541025	0.930663	0.8643883	0.9420612	0.88173604	0.8980724	0.9057215	0.9573694	0.8343053	0.86756533	0.88639665	0.8720434	0.9418735	0.90253335	0.81370604	0.86246705	0.851261	0.94866776	0.8623409	0.8890578	0.9350649	0.87191737	0.8775705	0.9136657	0.8839023	0.88490677	0.88874185	0.89153564	0.91312647	0.89417994	0.8065111	0.8873908	0.92142737	0.9167967	0.89909863	0.68175435	0.91844064	0.8850295	0.891296	0.8886068	0.8958663	0.90679634	0.9475564	0.9291874	0.9134788	0.94111055	0.8649296	0.9123046	0.94968545	0.89168715	0.8890297	0.88556856	0.90550214	0.8180774	0.8774462	0.921776	0.86744684	0.858014	0.72296894	0.0	0.9135528	0.8953035	0.8345268	0.84631556	0.89573026	0.8942362	0.9150028	0.95475906	0.89361995	0.9398303	0.90889955	0.910117	0.9172589	0.89874744	0.9479525	0.9091306	0.86629987	0.91083103	0.9715837	0.8373215	0.8747929	0.9051518	0.8807173
sfeer/noun	0.9694174	0.96106356	0.70219135	0.8502047	0.9459942	0.8293896	0.84917074	0.948006	0.7311691	0.74081606	0.8166042	0.8849183	0.91885275	0.80618286	0.65384066	0.71446323	0.86660415	0.8596868	0.6893151	0.60792613	0.8196422	0.85136163	0.6906138	0.8687407	0.82141924	0.85599947	0.87094474	0.7098435	0.81315345	0.62700695	0.90944076	0.7051759	0.9431099	0.9403364	0.9393959	0.8939936	0.87947595	0.89334756	0.8160014	0.9073782	0.8701078	0.76638216	0.8784886	0.90359706	0.8985964	0.9072595	0.8190999	0.9257831	0.8748629	0.88529265	0.8423189	0.85513544	0.91175926	0.8576047	0.9565695	0.87665415	0.66926324	0.855435	0.8908441	0.9135528	0.0	0.88261336	0.9243237	0.90137804	0.74320483	0.8111504	0.83024776	0.8574759	0.6446148	0.9352214	0.81266546	0.717417	0.7843986	0.8344965	0.94450563	0.6734774	0.6860124	0.7462207	0.87656283	0.8324324	0.73496413	0.7884561	0.8355142
signaal/noun	0.9665001	0.9830165	0.8791686	0.9309334	0.96448874	0.8421943	0.9014469	0.93543047	0.82605535	0.789384	0.8337254	0.90188205	0.9391804	0.8575492	0.78176266	0.8181019	0.86443126	0.9212611	0.72323644	0.85307705	0.92693675	0.93138593	0.9116362	0.87465364	0.8551608	0.8866073	0.91288686	0.851807	0.8497369	0.8355123	0.8571295	0.8676907	0.9110607	0.94666415	0.9279885	0.9052292	0.8722292	0.89097977	0.8330561	0.90740323	0.8938656	0.9123165	0.94715095	0.9009221	0.917649	0.96437943	0.8701297	0.92976636	0.89881563	0.9135507	0.8799776	0.8837056	0.9213089	0.8177661	0.9181422	0.9232306	0.8715128	0.93063194	0.90313816	0.8953035	0.88261336	0.0	0.9111852	0.9112002	0.8637932	0.88839686	0.87055564	0.94697917	0.8307346	0.936226	0.8736936	0.8319038	0.88606715	0.9180158	0.94065773	0.88453263	0.8820284	0.8510361	0.95880014	0.86002177	0.8427116	0.89342517	0.9118635
slag/noun	0.96143353	0.9358295	0.8783649	0.92621666	0.9344531	0.8959566	0.90971726	0.9339972	0.87609583	0.8655084	0.8945611	0.8494896	0.93963593	0.89179265	0.7845868	0.8758274	0.9112501	0.95088154	0.8834491	0.9092742	0.9294536	0.8892834	0.9164105	0.9275845	0.8689308	0.8976903	0.87919927	0.88140273	0.8973673	0.9201913	0.739305	0.9018522	0.9609525	0.91607815	0.8781701	0.8947205	0.8999695	0.88641196	0.9221808	0.93790346	0.95492494	0.92657185	0.9435277	0.9154437	0.92808014	0.94364095	0.9015572	0.9240208	0.94953704	0.9379828	0.8769659	0.865504	0.9469827	0.818215	0.8382731	0.9482382	0.9008692	0.8973368	0.88643354	0.8345268	0.9243237	0.9111852	0.0	0.8427019	0.91791636	0.90860957	0.90850633	0.9550489	0.9138136	0.93183386	0.90940773	0.90198666	0.89432055	0.9037894	0.93511224	0.91487294	0.8747904	0.9027599	0.9579943	0.85755706	0.903412	0.92590153	0.91571206
streep/noun	0.94153756	0.91394156	0.8290012	0.9388087	0.9193996	0.8906443	0.8449932	0.92687905	0.8141346	0.83714986	0.85328645	0.8775052	0.90995455	0.8853197	0.7486936	0.8483739	0.9185534	0.9426053	0.8364798	0.8899173	0.8457831	0.72744	0.8590105	0.9007586	0.8666443	0.795312	0.8669285	0.8926982	0.8950472	0.8639593	0.8426498	0.71648955	0.94746166	0.8428336	0.9083172	0.8787425	0.8787	0.85428184	0.88354623	0.84524405	0.81135106	0.9008064	0.9508311	0.9525856	0.89647925	0.934247	0.77246356	0.87933147	0.91866374	0.8217807	0.81719244	0.8630273	0.87259173	0.89242405	0.8614378	0.95086515	0.84801084	0.7842075	0.86247075	0.84631556	0.90137804	0.9112002	0.8427019	0.0	0.84644854	0.86313665	0.89731693	0.9249825	0.86410236	0.901483	0.8589034	0.895198	0.8976322	0.769373	0.94664687	0.88028234	0.82387376	0.8825142	0.95833784	0.8417466	0.86842483	0.9026201	0.79989016
tamelijk/adj	0.9454362	0.9201773	0.6692903	0.8863161	0.94747764	0.80598116	0.7892616	0.9381293	0.7313535	0.76779425	0.75916415	0.9087741	0.90330815	0.8244469	0.6619898	0.61218154	0.85960174	0.8926475	0.74770415	0.7947711	0.87346387	0.8383035	0.80324966	0.8153691	0.8332759	0.7984531	0.84765744	0.6800757	0.8010153	0.7348912	0.89456064	0.76512104	0.9117	0.89391637	0.92661595	0.9153256	0.85242915	0.8145059	0.83809054	0.8671266	0.86148405	0.81377256	0.9406394	0.9028402	0.92087615	0.9124543	0.79163873	0.91502947	0.8074213	0.8364999	0.815067	0.8908608	0.887022	0.80264205	0.93384767	0.903913	0.7591501	0.8383251	0.8761989	0.89573026	0.74320483	0.8637932	0.91791636	0.84644854	0.0	0.6363467	0.8621538	0.9055192	0.64215994	0.9172363	0.77464676	0.66791975	0.8337338	0.838239	0.9494111	0.72815776	0.56798667	0.7149056	0.8837507	0.79088575	0.58042467	0.8628808	0.8262346
te/adv	0.9500078	0.95024455	0.6316106	0.92227066	0.9422691	0.7893374	0.8440188	0.9497154	0.77988887	0.7401459	0.76256216	0.9244883	0.93480283	0.8575058	0.68634903	0.7003261	0.8918645	0.92053175	0.81331444	0.83055854	0.9020384	0.8494164	0.83067894	0.88104737	0.8622909	0.8241438	0.77782184	0.7407583	0.81321996	0.82065827	0.90393114	0.8265464	0.9447533	0.885606	0.93650967	0.9149772	0.83046144	0.8483387	0.87758136	0.9011377	0.8709523	0.8861306	0.9627768	0.9151154	0.9094475	0.933152	0.8250165	0.8994405	0.9080429	0.83491063	0.8566037	0.84549916	0.8959054	0.83632207	0.9076925	0.91208947	0.8483296	0.84184897	0.8920319	0.8942362	0.8111504	0.88839686	0.90860957	0.86313665	0.6363467	0.0	0.8975353	0.9418318	0.7634144	0.92576325	0.8390809	0.7621726	0.84925044	0.8573158	0.91907364	0.8019999	0.49381822	0.79679567	0.9386577	0.7406713	0.55711174	0.88223004	0.86623603
teleurstelling/noun	0.9378565	0.95436263	0.8395761	0.79695797	0.9644633	0.89692825	0.91491514	0.93959916	0.8545952	0.782897	0.8383437	0.862069	0.9206388	0.74957645	0.8368311	0.7921739	0.8903085	0.79437876	0.8834247	0.72826105	0.90790904	0.9025883	0.8969466	0.87612873	0.8667841	0.9065119	0.84596795	0.85569096	0.87335473	0.87250453	0.8247179	0.9045789	0.9261094	0.95276576	0.93438536	0.8897892	0.88945574	0.918525	0.84113693	0.94022965	0.9328785	0.84960145	0.90001184	0.837794	0.8084426	0.93062294	0.8730736	0.9306232	0.93613684	0.91519827	0.9135268	0.7767397	0.9352153	0.87185633	0.90687084	0.87462187	0.89484614	0.90776354	0.9134854	0.9150028	0.83024776	0.87055564	0.90850633	0.89731693	0.8621538	0.8975353	0.0	0.9531461	0.829184	0.91724247	0.910067	0.8323414	0.69437706	0.91391885	0.8451577	0.8785975	0.8597335	0.865553	0.9582997	0.850826	0.85119617	0.84409034	0.9191768
theater_zaal/noun	0.953213	0.958772	0.9349256	0.9512146	0.93768054	0.9516107	0.94257593	0.95434177	0.9228261	0.9199544	0.9136917	0.94550216	0.95153654	0.9244918	0.87523776	0.92491174	0.9007612	0.9657858	0.8897686	0.9528149	0.9222865	0.92708	0.91841197	0.9678102	0.8835883	0.9241117	0.96262836	0.941458	0.9358442	0.88657457	0.9498435	0.88889027	0.93773854	0.9008219	0.9658862	0.9189703	0.9374421	0.93546796	0.942551	0.91355073	0.9618561	0.8985593	0.95133424	0.96369153	0.93849134	0.9460632	0.93993807	0.9442344	0.8968758	0.8965472	0.92816633	0.9688163	0.92491716	0.965645	0.97365123	0.9642281	0.9318665	0.92355573	0.94487417	0.95475906	0.8574759	0.94697917	0.9550489	0.9249825	0.9055192	0.9418318	0.9531461	0.0	0.94166887	0.9339527	0.9275005	0.91186535	0.95644575	0.9208259	0.93353766	0.8557075	0.9021039	0.9329191	0.9355803	0.93338424	0.93065625	0.94309336	0.9321753
toon/noun	0.9671529	0.95654756	0.7046385	0.8375942	0.94688845	0.83307505	0.8100291	0.93692434	0.660776	0.7782641	0.78282094	0.8348491	0.8780719	0.8170147	0.6509464	0.65190333	0.8527216	0.8707185	0.62784743	0.73454714	0.8062644	0.80531424	0.75908005	0.8186485	0.86356163	0.81606996	0.8586481	0.71786666	0.8159065	0.60330963	0.8823359	0.70416284	0.923283	0.9034652	0.9157615	0.8786773	0.8678024	0.8320455	0.77730834	0.91912055	0.8666113	0.8186368	0.9338479	0.9044195	0.91686994	0.90372294	0.7406037	0.8852732	0.8443318	0.86426926	0.84941185	0.8503311	0.90173376	0.8221837	0.94461066	0.9001213	0.67672753	0.8578833	0.8789301	0.89361995	0.6446148	0.8307346	0.9138136	0.86410236	0.64215994	0.7634144	0.829184	0.94166887	0.0	0.90146077	0.77317345	0.71482617	0.80296785	0.8493866	0.9436122	0.7228579	0.6228691	0.74759746	0.842433	0.7905214	0.6705532	0.79495287	0.8276479
trom/noun	0.9132659	0.928015	0.9241699	0.9416445	0.9382955	0.9533958	0.9403324	0.9234219	0.9204743	0.9047799	0.94544667	0.8901045	0.96082354	0.8983953	0.8734901	0.9149325	0.920353	0.92557055	0.8647752	0.92965245	0.9372	0.9164106	0.9232236	0.93202174	0.9207652	0.92510957	0.91252375	0.95804346	0.93467563	0.84764665	0.8726114	0.8941611	0.9363021	0.9452889	0.9057876	0.8970166	0.9252851	0.9320468	0.91504645	0.9397901	0.9440587	0.9181712	0.9622988	0.9448541	0.93457574	0.9172361	0.92599386	0.9355628	0.930919	0.9099297	0.93240154	0.9032789	0.95497274	0.96019554	0.94455785	0.95206	0.84719056	0.91379344	0.9161179	0.9398303	0.9352214	0.936226	0.93183386	0.901483	0.9172363	0.92576325	0.91724247	0.9339527	0.90146077	0.0	0.94050694	0.9348072	0.9288652	0.9181829	0.9031606	0.9386215	0.9161526	0.9413799	0.9039886	0.9146948	0.92007756	0.9000603	0.9414085
variant/noun	0.9580261	0.9417619	0.80830944	0.9102913	0.95290595	0.8524278	0.795849	0.9415798	0.81192124	0.8258538	0.83745337	0.9167671	0.9018752	0.861281	0.68135816	0.80226916	0.85008967	0.92618775	0.7740583	0.8562809	0.85847044	0.8392495	0.80226374	0.8580249	0.7949604	0.83099234	0.9237583	0.8542001	0.84662116	0.7300247	0.88384634	0.763065	0.92183053	0.90710366	0.9324707	0.9234117	0.85852873	0.84506994	0.8133389	0.87524366	0.8473476	0.877876	0.935509	0.91144085	0.92905533	0.9126509	0.85786545	0.9182666	0.8387745	0.87295485	0.8217809	0.8925979	0.85971546	0.831229	0.94691783	0.9338401	0.7780489	0.8685664	0.8871805	0.90889955	0.81266546	0.8736936	0.90940773	0.8589034	0.77464676	0.8390809	0.910067	0.9275005	0.77317345	0.94050694	0.0	0.7929729	0.8697874	0.86514664	0.9484333	0.80211556	0.79279774	0.77742803	0.9277556	0.8685367	0.8012174	0.8894495	0.8426397
veeleer/adv	0.95488703	0.9431278	0.74900585	0.851924	0.94116443	0.78840566	0.83360827	0.93951106	0.7471534	0.711016	0.75785935	0.9140418	0.8773054	0.82869047	0.64979243	0.72069347	0.87038124	0.8551624	0.7845079	0.73515004	0.8621553	0.8758244	0.815886	0.8467355	0.8224633	0.86369014	0.85042435	0.7497059	0.8022717	0.75708044	0.90855896	0.76649547	0.9227584	0.9163206	0.9362155	0.9222319	0.85594416	0.8469898	0.83079225	0.9144472	0.9020789	0.8273493	0.9104701	0.83927166	0.8803246	0.9193485	0.82425547	0.9249103	0.8506409	0.88198346	0.858821	0.87494427	0.92823267	0.8117453	0.94599307	0.8833376	0.799883	0.8564402	0.89490944	0.910117	0.717417	0.8319038	0.90198666	0.895198	0.66791975	0.7621726	0.8323414	0.91186535	0.71482617	0.9348072	0.7929729	0.0	0.81375307	0.86349213	0.9496944	0.75417477	0.7139258	0.75606906	0.9162158	0.8125402	0.7498545	0.80151737	0.8526086
verdriet/noun	0.9272773	0.94946074	0.76759666	0.7949612	0.9453207	0.84927905	0.8653041	0.91756266	0.80712837	0.766494	0.7912816	0.9037549	0.91577154	0.66848755	0.7542337	0.77638555	0.8773366	0.8159717	0.8093004	0.6605327	0.89327526	0.87400436	0.8409699	0.8396106	0.8838519	0.8522834	0.8079547	0.84996426	0.83737713	0.8214842	0.86750674	0.8517833	0.93264693	0.91649413	0.9183768	0.8850168	0.9242003	0.90534264	0.7846936	0.9168424	0.90393585	0.7582089	0.90590835	0.7446319	0.7654658	0.88602746	0.8121761	0.89301324	0.91239405	0.8969797	0.87124026	0.66860664	0.8949864	0.8348403	0.93499434	0.84516466	0.8666594	0.89542305	0.890123	0.9172589	0.7843986	0.88606715	0.89432055	0.8976322	0.8337338	0.84925044	0.69437706	0.95644575	0.80296785	0.9288652	0.8697874	0.81375307	0.0	0.87806934	0.9044122	0.8289952	0.80620164	0.77434623	0.9386461	0.7739726	0.7986387	0.8056536	0.89247435
verf/noun	0.95962346	0.98024374	0.84824216	0.94029146	0.8928211	0.8696907	0.79245245	0.8935141	0.7728478	0.81568	0.85210896	0.9121391	0.91427505	0.8507819	0.66821647	0.82520664	0.87659645	0.93207973	0.7788819	0.8967416	0.841696	0.72235596	0.84046113	0.88379663	0.8424539	0.6933323	0.9317607	0.892867	0.88475126	0.8017031	0.89555144	0.6241065	0.94697344	0.8591097	0.9560446	0.8842181	0.83975315	0.88369733	0.87096035	0.71860015	0.7327021	0.8494086	0.94536835	0.9364183	0.9122295	0.91534895	0.79008293	0.85281634	0.90175575	0.75387573	0.70320344	0.8860197	0.7741475	0.91508365	0.9545555	0.9289187	0.8462211	0.72905165	0.86609715	0.89874744	0.8344965	0.9180158	0.9037894	0.769373	0.838239	0.8573158	0.91391885	0.9208259	0.8493866	0.9181829	0.86514664	0.86349213	0.87806934	0.0	0.9498884	0.83313733	0.83667743	0.84821653	0.9245009	0.81687784	0.8356807	0.93088967	0.77802
verkeer_ellende/noun	0.92445874	0.9385159	0.9385858	0.89550686	0.88634115	0.95828104	0.9621336	0.9437032	0.95019865	0.90468216	0.9083239	0.8668122	0.9277669	0.8039458	0.9491106	0.93798053	0.8934553	0.9121046	0.93503463	0.954738	0.9515727	0.9643278	0.9559054	0.93147916	0.9376025	0.9725852	0.9353371	0.9433818	0.93601453	0.9409974	0.8744971	0.9639723	0.94184315	0.9052633	0.8734884	0.8799933	0.9359288	0.94458866	0.9481357	0.9648021	0.949104	0.9093188	0.89259404	0.88387537	0.8119521	0.9514062	0.95412105	0.96390456	0.95422417	0.93336546	0.9528327	0.911687	0.9113177	0.9525338	0.96684515	0.9170215	0.94803655	0.9729972	0.9322631	0.9479525	0.94450563	0.94065773	0.93511224	0.94664687	0.9494111	0.91907364	0.8451577	0.93353766	0.9436122	0.9031606	0.9484333	0.9496944	0.9044122	0.9498884	0.0	0.9378473	0.9363996	0.9328133	0.9375487	0.9383383	0.92503655	0.93681264	0.95637393
voorstelling/noun	0.9542391	0.9651308	0.7724198	0.92314374	0.9535418	0.82881004	0.82669747	0.95881796	0.7583128	0.79527295	0.784602	0.9198568	0.8675963	0.842566	0.67976326	0.7508818	0.8648233	0.9377385	0.7176959	0.77535427	0.86204493	0.8692446	0.7615932	0.80329067	0.8230702	0.86828756	0.89629984	0.7596115	0.73325384	0.7137604	0.9151351	0.73477805	0.9431246	0.9179174	0.95995045	0.91388714	0.8605012	0.7998842	0.81101996	0.90069115	0.90347046	0.8228984	0.9433361	0.89348716	0.9090446	0.8845488	0.83146393	0.9466538	0.79997796	0.86766183	0.83354145	0.88490194	0.9200342	0.8397403	0.95528185	0.914539	0.7206323	0.87319845	0.9078363	0.9091306	0.6734774	0.88453263	0.91487294	0.88028234	0.72815776	0.8019999	0.8785975	0.8557075	0.7228579	0.9386215	0.80211556	0.75417477	0.8289952	0.83313733	0.9378473	0.0	0.76344776	0.73280996	0.915738	0.84509856	0.72736895	0.86394227	0.85730237
wat/adv	0.94762045	0.9306947	0.37846112	0.8755182	0.9444525	0.8010235	0.78676707	0.93919575	0.6856249	0.7489153	0.74978346	0.9000487	0.91572523	0.8218465	0.6300357	0.50523865	0.8918329	0.9057103	0.724539	0.7470226	0.82684076	0.7674207	0.7180817	0.85530555	0.841462	0.7902826	0.7295725	0.65122426	0.7826121	0.7291484	0.872417	0.7218499	0.9299059	0.90082145	0.91503674	0.88574	0.84497666	0.8264041	0.84455025	0.8600553	0.8526288	0.8317785	0.9313891	0.9020982	0.8788967	0.9263131	0.726797	0.88566923	0.8987553	0.8292117	0.8011888	0.8243208	0.9027013	0.7994869	0.9041202	0.9165796	0.7523413	0.79164994	0.8383813	0.86629987	0.6860124	0.8820284	0.8747904	0.82387376	0.56798667	0.49381822	0.8597335	0.9021039	0.6228691	0.9161526	0.79279774	0.7139258	0.80620164	0.83667743	0.9363996	0.76344776	0.0	0.7621028	0.87916523	0.6919689	0.5664878	0.8278742	0.8198269
werkelijkheid/noun	0.972227	0.94946593	0.7630457	0.8826452	0.934968	0.78115183	0.83230096	0.9418327	0.75763565	0.7012824	0.7788589	0.92859644	0.9048811	0.7796623	0.7230572	0.72783613	0.8438292	0.9035051	0.74430615	0.7373483	0.87807775	0.8614837	0.8225049	0.8416504	0.81635493	0.8437077	0.8640264	0.78214645	0.7875999	0.7643596	0.8896132	0.78319997	0.90689343	0.929358	0.95200235	0.91590035	0.8761169	0.86122715	0.8603118	0.9112899	0.8745401	0.76729405	0.9234307	0.86003745	0.89676636	0.89378995	0.7935396	0.9043791	0.8564498	0.84804535	0.82739735	0.84683335	0.929972	0.8196033	0.93681425	0.8884946	0.8089877	0.8973439	0.9066306	0.91083103	0.7462207	0.8510361	0.9027599	0.8825142	0.7149056	0.79679567	0.865553	0.9329191	0.74759746	0.9413799	0.77742803	0.75606906	0.77434623	0.84821653	0.9328133	0.73280996	0.7621028	0.0	0.9471935	0.79483986	0.69280696	0.85140955	0.8526457
zang_stem/noun	0.9573381	0.93276966	0.90712696	0.91914016	0.95346165	0.96151596	0.9603412	0.97090715	0.9095239	0.91274816	0.93174744	0.92687184	0.9469479	0.91389734	0.88027906	0.92023844	0.9510816	0.94558626	0.8235011	0.9268156	0.9170515	0.92638457	0.8956823	0.9455679	0.9471501	0.93573743	0.90269095	0.9258934	0.9584983	0.8000973	0.9457521	0.88433033	0.95257574	0.92205477	0.9619798	0.9163894	0.9305543	0.9531526	0.91994464	0.9565458	0.9538591	0.88057935	0.9183377	0.9545085	0.9393474	0.941611	0.910104	0.95507884	0.91594154	0.944399	0.9558305	0.9343295	0.9421822	0.9643172	0.9783577	0.96395063	0.8361268	0.94112587	0.934396	0.9715837	0.87656283	0.95880014	0.9579943	0.95833784	0.8837507	0.9386577	0.9582997	0.9355803	0.842433	0.9039886	0.9277556	0.9162158	0.9386461	0.9245009	0.9375487	0.915738	0.87916523	0.9471935	0.0	0.93296486	0.88642615	0.89194024	0.9351954
ze/pron	0.9067831	0.9320454	0.6352105	0.89333797	0.91634184	0.782531	0.79831773	0.95877844	0.73181415	0.66861284	0.73916817	0.9088038	0.9313907	0.8038304	0.63421607	0.7516937	0.89713645	0.91588044	0.78541315	0.76461184	0.8747694	0.73572206	0.77460307	0.8509696	0.8522482	0.7774862	0.41048956	0.8266417	0.7238183	0.8252723	0.84208375	0.8222218	0.90408003	0.9090608	0.8779404	0.8667338	0.8149822	0.8255453	0.8211903	0.8870537	0.8728596	0.85393965	0.93513465	0.86000466	0.8353224	0.91320956	0.7378508	0.8415088	0.8966881	0.8818001	0.7802847	0.7356318	0.83699656	0.8259248	0.90363866	0.8692104	0.8324995	0.73244154	0.79767275	0.8373215	0.8324324	0.86002177	0.85755706	0.8417466	0.79088575	0.7406713	0.850826	0.93338424	0.7905214	0.9146948	0.8685367	0.8125402	0.7739726	0.81687784	0.9383383	0.84509856	0.6919689	0.79483986	0.93296486	0.0	0.6344617	0.86007833	0.82033443
zo/adv	0.9292743	0.93052775	0.61988986	0.9043484	0.941499	0.79538745	0.8154034	0.9377058	0.7349592	0.7082625	0.741157	0.89180225	0.91439563	0.8130476	0.69427526	0.6571827	0.89866215	0.91252726	0.7315016	0.7373262	0.86144376	0.8293782	0.7905739	0.8467504	0.8421329	0.8051896	0.6649984	0.68791234	0.76991	0.72803175	0.8827459	0.77211165	0.91147184	0.8870216	0.93483216	0.8939275	0.8575261	0.8512418	0.8192242	0.89728445	0.8803465	0.8409483	0.9386433	0.87242305	0.8952025	0.89123833	0.7672831	0.890496	0.90826595	0.83052975	0.8172843	0.83483917	0.90313643	0.8023882	0.9068908	0.8877571	0.7852912	0.84608704	0.8747921	0.8747929	0.73496413	0.8427116	0.903412	0.86842483	0.58042467	0.55711174	0.85119617	0.93065625	0.6705532	0.92007756	0.8012174	0.7498545	0.7986387	0.8356807	0.92503655	0.72736895	0.5664878	0.69280696	0.88642615	0.6344617	0.0	0.8481147	0.84335977
zucht/noun	0.9636635	0.94871	0.8393209	0.85356236	0.9562458	0.90355146	0.90871537	0.9510674	0.7994371	0.8009917	0.8788612	0.9021248	0.9291157	0.8316612	0.7761879	0.8435934	0.90120316	0.88277054	0.81718826	0.7345437	0.8473108	0.90410423	0.8256298	0.9064563	0.878386	0.8944246	0.86565715	0.85478616	0.88890874	0.78487074	0.90897167	0.8527442	0.93281335	0.9585192	0.9318972	0.8859149	0.8733665	0.91608655	0.83507544	0.91774976	0.91953117	0.82735217	0.91205937	0.886063	0.908266	0.91084254	0.82100296	0.89291835	0.9031591	0.9296902	0.9146834	0.8408059	0.92779195	0.8848611	0.9119596	0.8960403	0.8050525	0.91570044	0.8838232	0.9051518	0.7884561	0.89342517	0.92590153	0.9026201	0.8628808	0.88223004	0.84409034	0.94309336	0.79495287	0.9000603	0.8894495	0.80151737	0.8056536	0.93088967	0.93681264	0.86394227	0.8278742	0.85140955	0.89194024	0.86007833	0.8481147	0.0	0.89556336
zwart/noun	0.96021545	0.9414321	0.8290369	0.91062844	0.9259108	0.884769	0.85211676	0.9360449	0.80006623	0.85818315	0.85713357	0.9085543	0.91145134	0.8701982	0.6866027	0.83491045	0.9233331	0.96461916	0.8043916	0.89264065	0.8501388	0.7017426	0.86533916	0.8934597	0.89308566	0.7791369	0.90422285	0.86482835	0.898857	0.8271017	0.91177523	0.62654823	0.9246459	0.89662707	0.9199308	0.9095424	0.8346226	0.85010684	0.87449205	0.81326723	0.8042481	0.87451804	0.95502055	0.93122566	0.92416614	0.93590367	0.75995785	0.8465967	0.8900404	0.85098827	0.7989516	0.89470875	0.8739316	0.891279	0.9455624	0.9215167	0.87114394	0.7636273	0.86083555	0.8807173	0.8355142	0.9118635	0.91571206	0.79989016	0.8262346	0.86623603	0.9191768	0.9321753	0.8276479	0.9414085	0.8426397	0.8526086	0.89247435	0.77802	0.95637393	0.85730237	0.8198269	0.8526457	0.9351954	0.82033443	0.84335977	0.89556336	0.0
