	46/num	Japan/det	Waals/adj	aangekocht/adj	acht/num	afdeling/noun	alle/det	allerlei/det	als/prep	ambachtelijk/adj	analyseer/verb	bedek/verb	ben/verb	berg/noun	blijk/verb	boven/prep	boven_haal/verb	buitenlands/adj	chirurgisch/adj	dat/pron	deel_uit/verb	die/det	die/pron	dik/adj	door/prep	doorboor/verb	een/det	eis/verb	elk/det	enkel/det	gebruikelijk/adj	gelakt/adj	gemanipuleerd/adj	genomen/adj	gepantserd/adj	geïmporteerd/adj	goedkoop/adj	hard/adj	het/det	hoeveelheid/noun	hoogwaardig/adj	hoop/noun	importeer/verb	in/prep	kilo/noun	klein/adj	krijg_binnen/verb	lading/noun	licht/adj	lichtgewicht/adj	maak/verb	magnetisch/adj	meer/det	met/adv	met/prep	minder/adj	minder/det	naar/prep	neem/verb	nieuw/adj	onderzoek/verb	op/prep	pak/noun	per/prep	plat/adj	positief/adj	produceer/verb	puur/adj	representatief/adj	roest_vrij/adj	rond/adj	ruw/adj	slinger_rond/adj	stel_vrij/verb	stuk/noun	ton/noun	uit/prep	val_samen/verb	van/prep	verbrand/adj	verdacht/adj	verroest/adj	verschil/adj	verwrongen/adj	vier/num	vloeibaar/adj	voor/prep	waar/adv	waardoor/pp	waarin/pp	waarvan/pp	word/verb	zacht/adj	zoals/comp	zoals/prep	zuiver/adj
46/num	0.0	0.9556488	0.9055763	0.960858	0.8927202	0.8897245	0.94180524	0.94513	0.9064761	0.97189337	0.9375109	0.968191	0.97676176	0.9332926	0.9342391	0.85356075	0.93786824	0.9124523	0.96622014	0.9441031	0.9254089	0.98143274	0.9455148	0.92088646	0.8665768	0.9741431	0.9773875	0.8920728	0.96149296	0.89716023	0.9106453	0.9908286	0.98888165	0.96400696	0.9869348	0.9887379	0.90335035	0.9170392	0.9799738	0.9503915	0.97664404	0.91729295	0.9726078	0.939844	0.82878363	0.9346262	0.9138884	0.9480906	0.84644884	0.9568836	0.93587774	0.9731698	0.9184252	0.9294617	0.87383294	0.8845748	0.89795256	0.89004356	0.88966244	0.94259655	0.9352067	0.9287882	0.93382436	0.83852684	0.9323902	0.90186614	0.92411095	0.9357404	0.96764725	0.9866187	0.8853017	0.9471589	0.98462445	0.9515376	0.8948464	0.86410224	0.89493144	0.9489094	0.9063554	0.9630895	0.9091051	0.97373444	0.939619	0.962928	0.91647756	0.9504929	0.917394	0.9392073	0.8930424	0.9212711	0.8288039	0.9689267	0.89793146	0.9180923	0.9321858	0.92697054
Japan/det	0.9556488	0.0	0.9538503	0.97167844	0.9835542	0.9760221	0.9383007	0.9579437	0.9723028	0.99972874	0.997631	0.9997722	0.9930343	0.98698306	0.9922559	0.9856363	0.99996096	0.92311615	0.97133714	0.98177946	0.99439055	1.0	0.97308296	0.9834657	0.9782337	0.9585549	0.99755967	0.97593105	0.9705264	0.9914158	0.97725	0.99309194	0.9445592	0.9966431	0.9869078	0.9399547	0.9756463	0.99973017	0.9953683	0.99938506	0.9974076	0.9997714	0.93446815	0.93509966	0.94325465	0.99406	0.9851277	0.97851676	0.9951311	0.9778526	0.9957548	1.0	0.9628972	0.9654346	0.9961668	0.9803844	0.9756005	0.9709346	0.99847573	0.98665386	0.99808854	0.96949977	0.9957942	0.9529769	0.9986779	0.94892	0.9393932	0.99127805	0.9929476	0.9968133	0.9881931	0.96208966	0.99413884	0.9373598	0.9781372	0.9678258	0.9625782	0.95410174	0.9598697	0.99261826	0.9925104	0.9961832	0.96209663	1.0	0.99604964	0.96975213	0.97973776	0.9755575	0.98079264	0.988346	0.96012896	0.93642914	0.9547517	0.9815811	0.98046315	0.9864045
Waals/adj	0.9055763	0.9538503	0.0	0.9630478	0.89470965	0.9048751	0.9482287	0.98204505	0.9087267	0.97669315	0.92534906	0.9683478	0.94360393	0.9612352	0.8928883	0.89865375	0.953171	0.91556823	0.9910421	0.90282613	0.9102857	0.9510104	0.894172	0.92656505	0.90471303	0.97360283	0.93442774	0.88349193	0.9292388	0.895718	0.9785538	0.99849606	0.99750346	0.94389546	0.976073	0.98348933	0.91593766	0.95761955	0.9100237	0.9359366	0.9867163	0.9338305	0.93506765	0.84333336	0.8949578	0.9548454	0.9638337	0.94899446	0.88932633	0.98546416	0.9590403	0.9578806	0.924963	0.94241625	0.8609783	0.8365557	0.92607576	0.8346247	0.90310585	0.93570155	0.91829157	0.88834614	0.94398427	0.8942104	0.9610811	0.8920218	0.8865552	0.92834395	0.9510434	0.9998232	0.8998802	0.9321579	0.97931945	0.9688698	0.9058947	0.88031006	0.8487766	0.9659778	0.80543995	0.96776825	0.9329411	0.99644685	0.91364235	0.99098915	0.9038931	0.97250444	0.8934052	0.91009986	0.90476334	0.9366941	0.87420607	0.90333873	0.97200996	0.90623975	0.9683382	0.9255388
aangekocht/adj	0.960858	0.97167844	0.9630478	0.0	0.94039863	0.93648976	0.93224794	0.97897965	0.9351527	0.93236065	0.9664413	0.98974484	0.98597676	0.98350537	0.9625642	0.91605675	0.96770436	0.938393	0.9942343	0.91378623	0.95380616	0.99939877	0.9380047	0.93741643	0.9232313	0.97895885	0.98523843	0.91946256	0.9396877	0.97213894	0.9899469	0.9796289	0.93192506	0.94928443	0.9806018	0.9528142	0.92049694	0.9944948	0.97487515	0.9707919	0.96607524	0.9859102	0.9004128	0.9205128	0.8812538	0.9630427	0.9495584	0.94935626	0.9549502	0.9854726	0.95490295	0.9874304	0.8639492	0.94783103	0.9294107	0.8915608	0.93408114	0.93214667	0.94859326	0.9431057	0.96033853	0.93629587	0.96628565	0.8778439	0.9959667	0.96849674	0.90361786	0.9888473	0.985708	0.99361795	0.93913525	0.9204638	0.99002755	0.9827854	0.9179616	0.8740737	0.93428004	0.99187356	0.8878592	0.9658697	0.9671672	0.96724284	0.9650598	0.9919901	0.95474625	0.95385295	0.8903697	0.94647753	0.93747646	0.94383174	0.85700375	0.9175053	0.9975294	0.9380969	0.9567831	0.98893464
acht/num	0.8927202	0.9835542	0.89470965	0.94039863	0.0	0.88568586	0.81403655	0.89166707	0.82724714	0.9434666	0.8969252	0.94955254	0.9058162	0.909071	0.8315413	0.8288759	0.9522457	0.8860584	0.9605204	0.79857093	0.8621869	0.9009679	0.8206365	0.834376	0.8367931	0.9502242	0.872445	0.83120626	0.8530535	0.8532414	0.93745875	0.9656138	0.9909097	0.93270665	0.9322395	0.96836627	0.8550138	0.86048687	0.891218	0.9038614	0.9728164	0.8811609	0.88515455	0.77306557	0.81053096	0.860345	0.9114963	0.933042	0.8683517	0.94479537	0.8625757	0.97138643	0.8159551	0.8928965	0.8215	0.8136154	0.86543655	0.75980556	0.8051285	0.8559406	0.84970456	0.85766876	0.8997519	0.7779738	0.9208379	0.86488116	0.8165715	0.91554517	0.9123625	0.9717281	0.8540493	0.9056827	0.9941173	0.9429698	0.8012749	0.8017274	0.79352313	0.9309952	0.75106907	0.9612224	0.8564926	0.9916445	0.84596443	0.98541886	0.7398954	0.93775797	0.79464316	0.7613591	0.8216779	0.79527473	0.74471414	0.8468936	0.8961522	0.8345357	0.87026453	0.93402696
afdeling/noun	0.8897245	0.9760221	0.9048751	0.93648976	0.88568586	0.0	0.8682344	0.91467583	0.87985647	0.96817386	0.92714465	0.97147185	0.96124357	0.9157788	0.871653	0.8866467	0.9484125	0.8563419	0.9620429	0.7969403	0.8622989	0.95588094	0.91221714	0.89844435	0.826969	0.98770255	0.9513327	0.8375997	0.92018354	0.8714693	0.9391052	0.99124956	0.95373654	0.92720294	0.97856027	0.9902391	0.8932221	0.918112	0.77878535	0.93738896	0.93804914	0.91611314	0.9447932	0.81884974	0.9062761	0.89504653	0.88823473	0.95568085	0.89810514	0.95261306	0.928229	0.96527976	0.90666485	0.9040647	0.900657	0.86084485	0.89029056	0.851798	0.87629634	0.8538595	0.80078053	0.92074776	0.93295586	0.8877191	0.911372	0.863523	0.8866781	0.92982924	0.9411623	0.99242765	0.8701501	0.9379828	0.980599	0.9552319	0.90221304	0.89931625	0.8349233	0.92762095	0.706956	0.9771054	0.91744196	1.0	0.8702854	0.9831628	0.89864755	0.9545	0.84612894	0.8514469	0.86111486	0.8746948	0.84545094	0.9106282	0.941624	0.853644	0.8594605	0.9350922
alle/det	0.94180524	0.9383007	0.9482287	0.93224794	0.81403655	0.8682344	0.0	0.89317214	0.86641806	0.99596465	0.91831124	0.9542928	0.90142155	0.9369573	0.81390005	0.82868665	0.9757404	0.8781201	0.9902108	0.871466	0.89409643	0.87137	0.7745627	0.8868537	0.8904763	0.9904359	0.9279043	0.8672387	0.813604	0.7945348	0.92666143	0.99726886	0.9846408	0.9224213	0.9551911	0.94765455	0.8439839	0.93155414	0.9081605	0.93637836	0.95418876	0.8611479	0.9140467	0.8946546	0.87336063	0.8606246	0.9158036	0.94063336	0.9112223	0.97004974	0.9159663	0.98695385	0.7668594	0.8703281	0.87152475	0.78513974	0.85098326	0.84986603	0.8538794	0.8419293	0.8602624	0.92897725	0.90565085	0.8015873	0.9423203	0.87789166	0.870669	0.90438217	0.9196681	0.9962425	0.88105536	0.9218106	0.9985676	0.90968025	0.8559742	0.83259875	0.90642613	0.96030664	0.76891613	0.9772949	0.8758188	1.0	0.836603	0.99115235	0.78891736	0.94749093	0.7157544	0.85413444	0.85529983	0.88381445	0.78536475	0.9050447	0.91753066	0.86952484	0.8891421	0.9295758
allerlei/det	0.94513	0.9579437	0.98204505	0.97897965	0.89166707	0.91467583	0.89317214	0.0	0.84758353	0.9860332	0.9576116	0.9888617	0.8909542	0.9411543	0.91094863	0.92936844	0.9864099	0.9180089	0.9892093	0.89839256	0.95079404	0.9732152	0.90312797	0.9366627	0.8865038	0.99845624	0.9057373	0.9270407	0.8945242	0.9412223	0.9778517	1.0	0.9921857	0.97392267	0.9741077	0.95928085	0.92314476	0.92807794	0.94691145	0.9257377	0.9724272	0.8976145	0.9722969	0.9172056	0.9344628	0.93844974	0.967321	0.96041036	0.9207367	0.9952569	0.88958824	1.0	0.9032744	0.9405883	0.92537105	0.9393214	0.93413854	0.9093323	0.89959455	0.8984919	0.91317517	0.95037556	0.95702946	0.9270985	0.9548251	0.9086126	0.8854585	0.91549796	0.9474514	1.0	0.957833	0.96991503	1.0	0.95342106	0.8705349	0.9258962	0.9033981	0.9537057	0.8640722	0.97278255	0.94263417	0.98912764	0.87240386	1.0	0.92321825	0.9519031	0.9100026	0.89826345	0.90611255	0.89104843	0.8966285	0.922636	0.92915225	0.85679615	0.9054558	0.9474116
als/prep	0.9064761	0.9723028	0.9087267	0.9351527	0.82724714	0.87985647	0.86641806	0.84758353	0.0	0.9463211	0.87195146	0.9352017	0.8692071	0.8856997	0.80842054	0.882603	0.9524779	0.8296349	0.9723237	0.6759153	0.877061	0.8610319	0.6264076	0.86157346	0.6011734	0.9667626	0.8153948	0.8343612	0.8987478	0.8373805	0.88255894	0.98707277	0.9638763	0.8802327	0.9778334	0.9482989	0.89413536	0.7923633	0.9096087	0.9463762	0.9342597	0.82575417	0.9391172	0.746647	0.9684741	0.8673442	0.94843054	0.9337483	0.8671337	0.9641924	0.67545116	0.97995603	0.9021913	0.802872	0.77137697	0.9165087	0.8994405	0.87175953	0.7739823	0.77446866	0.8378472	0.8135637	0.873419	0.9844948	0.9142855	0.8693013	0.82347965	0.81446964	0.93579453	0.98948044	0.8589914	0.91151214	0.9946055	0.97482896	0.853328	0.9631891	0.69307685	0.8820495	0.6544275	0.95681673	0.8903799	0.9914387	0.8804953	0.9631283	0.8470942	0.9509631	0.8795918	0.76945734	0.8746946	0.6003977	0.8639456	0.7217847	0.8700512	0.49999475	0.632881	0.8984003
ambachtelijk/adj	0.97189337	0.99972874	0.97669315	0.93236065	0.9434666	0.96817386	0.99596465	0.9860332	0.9463211	0.0	0.9791183	0.9726356	0.99392635	0.9536674	0.96371514	0.95129395	0.9827312	0.972748	0.98649156	0.94529366	0.9741429	0.99898595	0.9562583	0.96822584	0.9297117	0.99172634	0.9718737	0.96190363	0.9666246	0.98428786	0.964423	0.99647754	0.9846932	0.96846515	0.97888124	0.95138395	0.9518932	0.9962194	0.9689369	0.9962784	0.9996968	0.9659118	0.97026443	0.9197377	0.9526564	0.96997947	0.951901	0.9602893	0.9452007	0.9581919	0.9708591	0.9608952	0.96062374	0.9853228	0.9715217	0.9730337	0.97266483	0.9679057	0.9652149	0.9309078	0.9593291	0.9716273	0.9727677	0.96045256	0.96374	0.969164	0.9265219	0.9554191	0.98339623	0.98654264	0.9313409	0.96301156	0.9920964	0.9792026	0.9521711	0.9524086	0.90158194	0.98326105	0.921764	0.99099845	0.9700347	0.9987782	0.9703378	0.9990379	0.9752364	0.96233654	0.9564011	0.9256759	0.97681344	0.96740866	0.9453743	0.9153694	0.9778482	0.957198	0.9619447	0.9935197
analyseer/verb	0.9375109	0.997631	0.92534906	0.9664413	0.8969252	0.92714465	0.91831124	0.9576116	0.87195146	0.9791183	0.0	0.9577445	0.973037	0.9320937	0.9126744	0.9264145	0.9497865	0.9541112	0.98241377	0.9145338	0.9317335	0.97143555	0.899648	0.9350229	0.888089	0.98072666	0.9557888	0.9072299	0.94109094	0.9307419	0.96083385	0.9944797	0.9643387	0.95443004	0.98765296	0.9836241	0.95616823	0.94333524	0.9154809	0.9369339	0.96595484	0.93010736	0.9463228	0.8964624	0.9013956	0.9602455	0.9356091	0.9462763	0.9301949	0.9708477	0.9288667	0.98614126	0.9279455	0.92053986	0.93506306	0.91866803	0.9314422	0.91215265	0.9213271	0.9112864	0.89938664	0.9569363	0.95110446	0.91503954	0.9573328	0.93123746	0.9145751	0.88522106	0.95739156	0.99940133	0.94105774	0.9523378	0.9910405	0.96476626	0.91330296	0.907187	0.8966439	0.9510165	0.8850739	0.9582631	0.9092813	0.9833831	0.94826275	0.999104	0.9321625	0.9291657	0.92563426	0.923662	0.942447	0.89241827	0.8939228	0.9225053	0.941166	0.88090396	0.9117549	0.9486611
bedek/verb	0.968191	0.9997722	0.9683478	0.98974484	0.94955254	0.97147185	0.9542928	0.9888617	0.9352017	0.9726356	0.9577445	0.0	0.9552473	0.9073599	0.960587	0.8829704	0.9872229	0.9557481	0.98243016	0.93854344	0.9355917	0.9977862	0.93330294	0.9034809	0.94511676	0.9946334	0.9836927	0.95012975	0.9598827	0.9778832	0.9549109	0.91793126	0.98449934	0.9409415	0.98939747	0.9753155	0.9791577	0.9872213	0.979038	0.95642835	0.99407315	0.97522163	0.9636584	0.9018419	0.89744073	0.9664418	0.94589496	0.9530679	0.94275856	0.9882164	0.9693799	0.9645107	0.9058808	0.9618553	0.95254993	0.9345243	0.9230028	0.9046359	0.9792756	0.97313195	0.95285267	0.96381897	0.9510214	0.9162979	0.9725136	0.94982404	0.9447007	0.9571874	0.96527743	0.9953165	0.9567571	0.94266754	1.0	0.97523797	0.92489845	0.9210935	0.92739326	0.9489129	0.907447	0.98638743	0.9618746	0.9957388	0.9558975	0.99898463	0.9489544	0.9294178	0.94293946	0.91295487	0.9585291	0.9519703	0.9066731	0.9408031	0.9457849	0.9500387	0.9536204	0.9756862
ben/verb	0.97676176	0.9930343	0.94360393	0.98597676	0.9058162	0.96124357	0.90142155	0.8909542	0.8692071	0.99392635	0.973037	0.9552473	0.0	0.95156425	0.8672532	0.9276236	0.97025007	0.93224055	0.9890249	0.91287416	0.9530309	0.8638701	0.72026044	0.9417419	0.9044582	0.9949384	0.8286935	0.8752899	0.9280703	0.9131478	0.9383177	0.99355036	0.9591597	0.9429886	0.9829459	0.9592691	0.9241916	0.9165888	0.94043946	0.91994023	0.99321103	0.937795	0.95461303	0.9016843	0.9750669	0.9173301	0.9901294	0.9609992	0.9253476	0.9835345	0.8890682	1.0	0.9082203	0.920379	0.9144783	0.95829326	0.9434424	0.91404337	0.9012231	0.8854907	0.8652834	0.78784287	0.9439946	0.97764164	0.9724413	0.9370491	0.9384576	0.9170874	0.9719513	1.0	0.9345209	0.9382255	1.0	0.9816576	0.95568794	0.9735484	0.81435776	0.9602744	0.88063544	0.95391846	0.86353606	0.99367076	0.9433603	0.9968309	0.88732785	0.9800064	0.93491673	0.8544466	0.9310676	0.9180467	0.9397173	0.8617995	0.96955335	0.8751197	0.88524157	0.93418324
berg/noun	0.9332926	0.98698306	0.9612352	0.98350537	0.909071	0.9157788	0.9369573	0.9411543	0.8856997	0.9536674	0.9320937	0.9073599	0.95156425	0.0	0.9276803	0.8399435	0.98172486	0.8991493	0.99002653	0.9212639	0.91574895	0.9669718	0.8646921	0.9100132	0.87355506	0.98805255	0.9564181	0.90605164	0.93823963	0.92819643	0.9510271	1.0	0.982438	0.92635745	0.95794773	0.93562543	0.92958903	0.9307681	0.9494568	0.9438368	0.9845526	0.9398932	0.9207158	0.85796314	0.8709331	0.921828	0.91204846	0.9423315	0.9404497	0.94534504	0.94779676	0.9995151	0.8749013	0.95101553	0.95432264	0.92844766	0.91721904	0.85043526	0.9135992	0.9424238	0.8986156	0.92559046	0.9458349	0.8807064	0.95465463	0.9612735	0.8870779	0.93692786	0.9238455	0.97195554	0.9354573	0.9174049	1.0	0.9682844	0.8940047	0.8769044	0.86402303	0.94136095	0.85626835	0.9811538	0.89767075	0.98191553	0.9215026	0.99408567	0.89075917	0.9421965	0.924339	0.80691093	0.9266856	0.8871764	0.8574607	0.9250394	0.94745415	0.896522	0.8838586	0.92891884
blijk/verb	0.9342391	0.9922559	0.8928883	0.9625642	0.8315413	0.871653	0.81390005	0.91094863	0.80842054	0.96371514	0.9126744	0.960587	0.8672532	0.9276803	0.0	0.8145126	0.9632881	0.8686261	0.9749301	0.7974383	0.91601384	0.8801673	0.82749337	0.8627317	0.8255711	0.9887068	0.8987486	0.8394586	0.8853341	0.8815097	0.9384651	0.97489583	0.94288754	0.91942614	0.9622624	0.9527504	0.84618723	0.87996185	0.850822	0.89090365	0.98367196	0.8868556	0.92275333	0.8608223	0.8629984	0.8800172	0.9401953	0.92253643	0.8383345	0.96547806	0.86793166	0.9838626	0.7838989	0.8554737	0.7927067	0.7865335	0.83471537	0.7815592	0.83508885	0.85666347	0.76689726	0.88319826	0.9424266	0.8241416	0.9597502	0.79445344	0.8627357	0.90850747	0.9226434	0.9781235	0.90287864	0.9184989	0.99330235	0.9601801	0.83291745	0.83413184	0.86352265	0.95892304	0.67219245	0.9680306	0.9012621	0.9961199	0.85170835	0.996449	0.81938136	0.9809333	0.79193634	0.8165508	0.84115994	0.82468116	0.80232346	0.884896	0.91389585	0.8261925	0.82469636	0.94768643
boven/prep	0.85356075	0.9856363	0.89865375	0.91605675	0.8288759	0.8866467	0.82868665	0.92936844	0.882603	0.95129395	0.9264145	0.8829704	0.9276236	0.8399435	0.8145126	0.0	0.93059844	0.8363433	0.97182256	0.84716994	0.79901683	0.9198497	0.87358797	0.71717453	0.88369375	0.97466445	0.89210504	0.76993996	0.80012465	0.8812904	0.9025413	0.9871828	0.98061275	0.88998806	0.90893394	0.91082895	0.69234943	0.8771899	0.93730944	0.8361449	0.9622452	0.9142615	0.8846222	0.8369083	0.56077754	0.78859276	0.8067467	0.84339535	0.73730445	0.9405013	0.9212657	0.94789004	0.56703967	0.89134	0.6904253	0.5747819	0.64431036	0.616171	0.87123716	0.84277105	0.86261725	0.7668654	0.89120334	0.46805483	0.9311116	0.84635544	0.7105143	0.8974492	0.9000007	0.9524228	0.8469442	0.8285695	0.99793226	0.89831764	0.6147796	0.55187106	0.8729061	0.95152104	0.6383521	0.9415216	0.90874374	0.93219376	0.8044419	0.9743533	0.832982	0.8644026	0.70023453	0.7798696	0.7812729	0.8916796	0.561114	0.90767825	0.8670169	0.84482765	0.8795387	0.89830613
boven_haal/verb	0.93786824	0.99996096	0.953171	0.96770436	0.9522457	0.9484125	0.9757404	0.9864099	0.9524779	0.9827312	0.9497865	0.9872229	0.97025007	0.98172486	0.9632881	0.93059844	0.0	0.9803989	0.99566203	0.9643916	0.9320501	0.98689735	0.9379441	0.9338605	0.9551361	0.96220005	0.94749725	0.93960893	0.92484546	0.9722885	0.97831446	0.99826527	0.9775152	0.9377963	0.966182	0.99101794	0.9756751	0.9713755	0.9676	0.95973045	0.9645168	0.9747205	0.95092154	0.94125724	0.9301845	0.98870564	0.9401002	0.9565908	0.95003366	0.9708281	0.9904324	0.9995763	0.9318236	0.9803822	0.9496629	0.8981809	0.939401	0.95026904	0.9539796	0.96978223	0.9559675	0.91490906	0.978556	0.9152384	0.978299	0.9735281	0.9456271	0.97044015	0.96193004	0.9999798	0.9663062	0.9847288	1.0	0.9756444	0.9370007	0.89943546	0.92080224	0.9632357	0.9283276	0.946093	0.93038774	0.96418387	0.96010655	0.99763095	0.97090137	0.9666505	0.92339295	0.9638769	0.9577866	0.97926813	0.91510594	0.9248299	0.9659299	0.96383125	0.9812832	0.9630382
buitenlands/adj	0.9124523	0.92311615	0.91556823	0.938393	0.8860584	0.8563419	0.8781201	0.9180089	0.8296349	0.972748	0.9541112	0.9557481	0.93224055	0.8991493	0.8686261	0.8363433	0.9803989	0.0	0.9802306	0.79255897	0.8961876	0.9608178	0.8759738	0.86184824	0.8217518	0.996507	0.9409605	0.8190975	0.8962945	0.90131307	0.92794573	0.9872926	0.9374322	0.9123656	0.96707547	0.92970216	0.8681082	0.8836013	0.9012798	0.90393394	0.97223765	0.90335464	0.9131534	0.9033561	0.8364847	0.9280206	0.8885821	0.94768864	0.88802445	0.9722886	0.91558564	0.99841994	0.82028306	0.8695342	0.8287297	0.7849733	0.86033535	0.821305	0.8664855	0.85063326	0.8619418	0.931317	0.911627	0.79647183	0.93690085	0.8379239	0.794647	0.9161815	0.9422614	0.9609523	0.8923839	0.93238837	0.98488426	0.9444249	0.8394165	0.81473565	0.92367405	0.95386416	0.6934315	0.96404755	0.8767623	0.98106825	0.85735863	0.9745	0.8752796	0.94015545	0.82485765	0.8731972	0.84594715	0.87782097	0.79584956	0.942774	0.94598615	0.82302886	0.84017897	0.9074467
chirurgisch/adj	0.96622014	0.97133714	0.9910421	0.9942343	0.9605204	0.9620429	0.9902108	0.9892093	0.9723237	0.98649156	0.98241377	0.98243016	0.9890249	0.99002653	0.9749301	0.97182256	0.99566203	0.9802306	0.0	0.99143744	0.9601017	1.0	0.9384621	0.988597	0.9581941	0.997547	0.9793945	0.97188795	0.98882705	0.98091817	0.97625333	1.0	0.9968729	0.9762337	0.9909293	0.9848057	0.99292755	0.97254604	0.96598804	0.9601326	0.99888545	0.9831413	0.99478954	0.9599758	0.944623	1.0	0.9719102	0.9634239	0.9920957	0.979261	0.9886002	1.0	0.9694362	0.99087304	0.9865037	0.97408324	0.9792192	0.9733043	0.9793674	0.9953271	0.9608667	0.97848177	0.9996236	0.9561939	0.99752253	0.9940774	0.98071206	0.9922242	0.9841933	1.0	0.9825337	0.99053687	1.0	0.97191215	0.9830159	0.9550964	0.966634	0.9953606	0.9670245	0.9795097	0.9632423	0.974877	0.98260915	1.0	0.9695488	0.9730343	0.9820312	0.972632	0.9841409	0.9822864	0.95447075	0.963685	0.9837459	0.98757064	0.97738	0.9840005
dat/pron	0.9441031	0.98177946	0.90282613	0.91378623	0.79857093	0.7969403	0.871466	0.89839256	0.6759153	0.94529366	0.9145338	0.93854344	0.91287416	0.9212639	0.7974383	0.84716994	0.9643916	0.79255897	0.99143744	0.0	0.8783001	0.92311096	0.7609979	0.8802809	0.64287376	0.96344495	0.7905616	0.81912196	0.87609893	0.85908914	0.8890482	0.97097474	0.9288786	0.85587823	0.97479534	0.948398	0.8355994	0.8567431	0.6111209	0.9108832	0.95214546	0.8443621	0.903001	0.6008168	0.92829657	0.8521615	0.9367931	0.91132903	0.8903092	0.9570842	0.7870211	0.9416852	0.85903406	0.83090264	0.80514646	0.854154	0.8593885	0.7720912	0.78903794	0.7426326	0.77641976	0.8188939	0.92054665	0.89927495	0.9093356	0.8262589	0.78733104	0.8844374	0.9518292	0.98198926	0.847996	0.9269385	0.98540604	0.95479506	0.83073044	0.89043796	0.6377324	0.9018229	0.5887725	0.9676791	0.9021895	0.9921344	0.84605765	0.9823744	0.79644895	0.97285694	0.7913099	0.69895566	0.8185768	0.678607	0.81896704	0.6270044	0.9151481	0.74923384	0.7477615	0.90934783
deel_uit/verb	0.9254089	0.99439055	0.9102857	0.95380616	0.8621869	0.8622989	0.89409643	0.95079404	0.877061	0.9741429	0.9317335	0.9355917	0.9530309	0.91574895	0.91601384	0.79901683	0.9320501	0.8961876	0.9601017	0.8783001	0.0	0.96103483	0.8833584	0.8620465	0.8820002	0.9743937	0.90473354	0.78727865	0.85998195	0.9092342	0.9432175	0.99768186	0.9656581	0.93714577	0.94320786	0.9480699	0.9094495	0.87826526	0.90295964	0.9132625	0.9659127	0.91971296	0.9192853	0.89305973	0.7799716	0.91357154	0.8565723	0.9004648	0.8865596	0.9819968	0.9293449	0.980218	0.8091504	0.9111746	0.85253644	0.78055394	0.8056929	0.83488405	0.88883233	0.89772105	0.8704829	0.8969035	0.90098774	0.76257026	0.9300879	0.91130924	0.8390995	0.93197805	0.9197191	0.989852	0.8836595	0.90025264	0.99519974	0.93630016	0.8034853	0.7484655	0.8794736	0.96140647	0.7823287	0.9588905	0.8905989	0.9604155	0.8654057	0.9981032	0.8555978	0.9155378	0.8179632	0.8587783	0.88824457	0.8988575	0.7567446	0.9244717	0.933347	0.86362535	0.9057362	0.9414838
die/det	0.98143274	1.0	0.9510104	0.99939877	0.9009679	0.95588094	0.87137	0.9732152	0.8610319	0.99898595	0.97143555	0.9977862	0.8638701	0.9669718	0.8801673	0.9198497	0.98689735	0.9608178	1.0	0.92311096	0.96103483	0.0	0.8482821	0.92417496	0.8865083	0.99982136	0.9464464	0.93472785	0.9354601	0.87146425	0.9846498	1.0	0.99715054	0.9692672	0.9933498	0.99722683	0.9438479	0.92804277	0.97101134	0.9798188	0.99562305	0.92487514	0.97334164	0.92391855	0.97190046	0.93298334	0.9802147	0.96554214	0.9319929	1.0	0.90597093	1.0	0.94229287	0.9396626	0.9336198	0.9072025	0.9605821	0.92317206	0.8799431	0.87731135	0.92677474	0.9537084	0.9337702	0.95939845	0.946509	0.926108	0.9316358	0.94091785	0.9873349	1.0	0.9426263	0.95673215	1.0	0.9667152	0.9329332	0.9505796	0.938371	0.98328614	0.8592186	0.998868	0.96365875	1.0	0.9399989	0.96731776	0.8970463	0.9918973	0.9109241	0.9087994	0.9151482	0.88517857	0.9479236	0.93390673	0.98661464	0.84344727	0.90257126	0.9839175
die/pron	0.9455148	0.97308296	0.894172	0.9380047	0.8206365	0.91221714	0.7745627	0.90312797	0.6264076	0.9562583	0.899648	0.93330294	0.72026044	0.8646921	0.82749337	0.87358797	0.9379441	0.8759738	0.9384621	0.7609979	0.8833584	0.8482821	0.0	0.9052526	0.63839227	0.9514052	0.62939847	0.7045818	0.8680891	0.8038086	0.89777464	0.985967	0.976295	0.8301539	0.95574015	0.9338548	0.92474866	0.8646472	0.95942813	0.916156	0.9605231	0.86745244	0.87870604	0.6881006	0.9032182	0.8843462	0.93040967	0.8981075	0.8820152	0.9614833	0.795377	0.9633588	0.8369091	0.84977674	0.884789	0.89131147	0.8836029	0.89593506	0.81169367	0.89192426	0.8272924	0.7645175	0.8825696	0.9141239	0.92557186	0.9250919	0.7975838	0.8794226	0.900951	0.99987584	0.89853394	0.8942061	0.95880604	0.92958033	0.8553347	0.8936794	0.4560964	0.88034093	0.7509297	0.8778863	0.75954676	0.98407185	0.8521079	0.98412716	0.78111005	0.9473472	0.8393163	0.77699924	0.88047945	0.70492977	0.8316509	0.5252496	0.910542	0.76914746	0.78760785	0.9233332
dik/adj	0.92088646	0.9834657	0.92656505	0.93741643	0.834376	0.89844435	0.8868537	0.9366627	0.86157346	0.96822584	0.9350229	0.9034809	0.9417419	0.9100132	0.8627317	0.71717453	0.9338605	0.86184824	0.988597	0.8802809	0.8620465	0.92417496	0.9052526	0.0	0.91299814	0.9589653	0.9112165	0.8223442	0.84157723	0.9298419	0.92621094	0.99027693	0.9688288	0.93674123	0.882468	0.93646646	0.83412707	0.89417624	0.95271116	0.8924338	0.9706304	0.91320324	0.89247835	0.9333614	0.68327117	0.843902	0.8667309	0.9144995	0.85895497	0.9690373	0.95633394	0.96236706	0.70813525	0.8999781	0.8099845	0.72199476	0.7788363	0.7963517	0.9015028	0.8540504	0.8820632	0.88903946	0.8808643	0.6391057	0.9126386	0.8753278	0.80235755	0.91749537	0.9498968	0.970582	0.86717343	0.89578134	0.9857295	0.95480263	0.7279215	0.65080065	0.89632785	0.97504073	0.77442586	0.954021	0.9150258	0.9684343	0.8422846	0.97333866	0.8763825	0.9240964	0.7965466	0.8855236	0.8579257	0.87538505	0.673623	0.9281212	0.894128	0.8905128	0.89093214	0.9355573
door/prep	0.8665768	0.9782337	0.90471303	0.9232313	0.8367931	0.826969	0.8904763	0.8865038	0.6011734	0.9297117	0.888089	0.94511676	0.9044582	0.87355506	0.8255711	0.88369375	0.9551361	0.8217518	0.9581941	0.64287376	0.8820002	0.8865083	0.63839227	0.91299814	0.0	0.96301734	0.8747333	0.7900463	0.9298655	0.8029948	0.8971802	0.97676784	0.9515354	0.87313926	0.96260643	0.94987684	0.9051912	0.85726535	0.817196	0.9339402	0.9617121	0.8443158	0.9010545	0.7310394	0.9740861	0.88192874	0.94346684	0.93207103	0.88191605	0.9611043	0.7503809	0.9610708	0.9186771	0.81529945	0.8250757	0.91225195	0.9056274	0.8599155	0.7644014	0.8113303	0.7597002	0.8762063	0.8979401	0.96780795	0.9217658	0.87842107	0.8499129	0.8634709	0.94399697	0.9889878	0.87639093	0.9184633	0.97802246	0.98386526	0.8465169	0.9527224	0.69387203	0.9090737	0.62952864	0.9548843	0.8457827	0.9747357	0.86487734	0.968804	0.8461246	0.9723748	0.8971555	0.7415397	0.8563862	0.6811061	0.87794006	0.6927859	0.899214	0.69585663	0.74738705	0.92116565
doorboor/verb	0.9741431	0.9585549	0.97360283	0.97895885	0.9502242	0.98770255	0.9904359	0.99845624	0.9667626	0.99172634	0.98072666	0.9946334	0.9949384	0.98805255	0.9887068	0.97466445	0.96220005	0.996507	0.997547	0.96344495	0.9743937	0.99982136	0.9514052	0.9589653	0.96301734	0.0	0.9523221	0.95338035	0.98001295	0.98833764	0.9933183	0.99596393	0.96818817	0.9963429	0.98729193	0.99297947	0.991117	0.99343216	0.9995949	0.99794906	0.9985212	0.97122943	0.9730735	0.96731424	0.98147726	0.9998405	0.95941985	0.9392623	0.9842887	0.9990431	0.9931367	1.0	0.9811561	0.97703516	0.9923902	0.98472434	0.9853327	0.9770179	0.99206907	0.984764	0.9889529	0.9821908	0.9964722	0.98300713	0.98548913	0.9735941	0.99029523	0.9936469	0.99504507	0.9994864	0.9846204	0.9923417	0.99915504	0.9941495	0.9986345	0.98139095	0.9247757	0.9620459	0.97766215	0.9676026	0.96932614	0.9989028	0.9999275	0.97169524	0.9719658	0.96670246	0.99393225	0.97966135	0.99774957	0.99310493	0.9804469	0.95820254	0.95184284	0.95208454	0.95043254	0.99833554
een/det	0.9773875	0.99755967	0.93442774	0.98523843	0.872445	0.9513327	0.9279043	0.9057373	0.8153948	0.9718737	0.9557888	0.9836927	0.8286935	0.9564181	0.8987486	0.89210504	0.94749725	0.9409605	0.9793945	0.7905616	0.90473354	0.9464464	0.62939847	0.9112165	0.8747333	0.9523221	0.0	0.7890586	0.8681672	0.8886917	0.9043458	0.9867214	0.97424036	0.97451293	0.93515027	0.9555875	0.8891715	0.9074848	0.92721385	0.8979252	0.9734807	0.933141	0.93877614	0.9391186	0.915634	0.8757921	0.90154177	0.94609946	0.8574349	0.9855038	0.94666547	0.9978413	0.88701093	0.9283157	0.8083614	0.9227124	0.9104662	0.8664838	0.85155684	0.9036045	0.9164991	0.80107975	0.9041308	0.88532877	0.9463543	0.93512297	0.8930333	0.9313819	0.9261103	0.9893921	0.9433683	0.9520881	0.93705237	0.97114176	0.89891464	0.90876883	0.6037899	0.9712483	0.8394401	0.89421535	0.80563056	0.9922396	0.883705	1.0	0.8767631	0.9410174	0.88599426	0.90696687	0.8875735	0.8957177	0.8366386	0.82169926	0.9409368	0.93028396	0.9268427	0.9396095
eis/verb	0.8920728	0.97593105	0.88349193	0.91946256	0.83120626	0.8375997	0.8672387	0.9270407	0.8343612	0.96190363	0.9072299	0.95012975	0.8752899	0.90605164	0.8394586	0.76993996	0.93960893	0.8190975	0.97188795	0.81912196	0.78727865	0.93472785	0.7045818	0.8223442	0.7900463	0.95338035	0.7890586	0.0	0.8305615	0.86758417	0.8810667	0.97132957	0.9461373	0.8473706	0.9341306	0.9284803	0.8507917	0.86488295	0.8639304	0.9201765	0.91307557	0.84882975	0.844142	0.8729435	0.70640963	0.86902374	0.8325603	0.8722644	0.81982434	0.9751818	0.8981109	0.9762529	0.66720825	0.83939314	0.8207545	0.7309481	0.7266424	0.77351147	0.8379104	0.82345456	0.76322186	0.85278666	0.87624884	0.6631868	0.9206717	0.84197086	0.7525805	0.90883625	0.9119082	0.9790679	0.85573065	0.8525902	0.96647584	0.9111785	0.71499264	0.64830625	0.7557122	0.9469597	0.6066923	0.9136295	0.78922474	0.9571131	0.8580142	0.99878573	0.84569186	0.8989761	0.73352313	0.81776583	0.84075403	0.8669701	0.6398392	0.85245883	0.93138874	0.854868	0.82946783	0.884098
elk/det	0.96149296	0.9705264	0.9292388	0.9396877	0.8530535	0.92018354	0.813604	0.8945242	0.8987478	0.9666246	0.94109094	0.9598827	0.9280703	0.93823963	0.8853341	0.80012465	0.92484546	0.8962945	0.98882705	0.87609893	0.85998195	0.9354601	0.8680891	0.84157723	0.9298655	0.98001295	0.8681672	0.8305615	0.0	0.85976815	0.9285661	0.99937165	0.977543	0.9381694	0.9385152	0.9733025	0.88429147	0.92075366	0.90161103	0.8660305	0.9808137	0.9351196	0.9028266	0.9108738	0.80323595	0.8675253	0.8651116	0.8876914	0.88076097	0.99632865	0.9167662	0.9916813	0.732233	0.94076085	0.87799937	0.7646471	0.81760836	0.8543124	0.87852395	0.8263008	0.8982258	0.88038534	0.92148244	0.7132157	0.89228237	0.93107015	0.8099186	0.9099127	0.92783004	0.9748693	0.8928383	0.88586366	0.99446225	0.9132784	0.7524962	0.74254966	0.9258783	0.97005045	0.7987745	0.96329015	0.92116886	0.9904925	0.83751416	0.99356335	0.8471773	0.93288505	0.73074865	0.8664521	0.86733365	0.86402416	0.73474395	0.8907446	0.9473554	0.89014107	0.9401283	0.9539848
enkel/det	0.89716023	0.9914158	0.895718	0.97213894	0.8532414	0.8714693	0.7945348	0.9412223	0.8373805	0.98428786	0.9307419	0.9778832	0.9131478	0.92819643	0.8815097	0.8812904	0.9722885	0.90131307	0.98091817	0.85908914	0.9092342	0.87146425	0.8038086	0.9298419	0.8029948	0.98833764	0.8886917	0.86758417	0.85976815	0.0	0.9299442	0.9983076	0.9856229	0.9126466	0.9439796	0.98289186	0.9192847	0.86233	0.8660558	0.93929327	0.996186	0.8555707	0.9545054	0.86661506	0.96612406	0.8831551	0.95235574	0.95714635	0.8664782	0.9843702	0.85546994	0.9850976	0.92885846	0.9015166	0.89708066	0.8886766	0.9694554	0.8420454	0.8037631	0.85042804	0.8865414	0.90290946	0.9137379	0.95796204	0.912189	0.89400315	0.9257559	0.93444514	0.9507576	0.9611392	0.9038363	0.96599936	1.0	0.9758881	0.90671456	0.95295423	0.8618137	0.9579422	0.8131589	0.98891366	0.87873864	0.99952126	0.83373594	1.0	0.7796396	0.978146	0.8818099	0.8468377	0.89043987	0.86705786	0.9219893	0.88860804	0.93797624	0.8132501	0.8920761	0.9443946
gebruikelijk/adj	0.9106453	0.97725	0.9785538	0.9899469	0.93745875	0.9391052	0.92666143	0.9778517	0.88255894	0.964423	0.96083385	0.9549109	0.9383177	0.9510271	0.9384651	0.9025413	0.97831446	0.92794573	0.97625333	0.8890482	0.9432175	0.9846498	0.89777464	0.92621094	0.8971802	0.9933183	0.9043458	0.8810667	0.9285661	0.9299442	0.0	0.97391635	0.9912633	0.9313172	0.9657942	0.96622604	0.9054582	0.92908216	0.9404647	0.9242832	0.99034953	0.96312153	0.9486285	0.8956528	0.90414864	0.92807573	0.94539493	0.97474784	0.9314777	0.968006	0.9281872	0.9736447	0.8988298	0.89397955	0.91040385	0.9276638	0.9155497	0.90019035	0.93858606	0.9035021	0.93828124	0.92597044	0.9538568	0.9014828	0.93199795	0.93793607	0.9139525	0.9000803	0.9666057	0.9648449	0.9513432	0.9755349	0.9948269	0.9844771	0.901411	0.9217334	0.8978439	0.97889364	0.8702058	0.97008836	0.93058866	0.9937315	0.9263486	0.99805105	0.94477975	0.97826755	0.91304165	0.9054164	0.92308944	0.8882535	0.88611037	0.92984957	0.938676	0.88802975	0.91748846	0.91900223
gelakt/adj	0.9908286	0.99309194	0.99849606	0.9796289	0.9656138	0.99124956	0.99726886	1.0	0.98707277	0.99647754	0.9944797	0.91793126	0.99355036	1.0	0.97489583	0.9871828	0.99826527	0.9872926	1.0	0.97097474	0.99768186	1.0	0.985967	0.99027693	0.97676784	0.99596393	0.9867214	0.97132957	0.99937165	0.9983076	0.97391635	0.0	0.99732065	0.98007613	0.954788	0.98508936	0.9975383	0.95366716	0.99644744	1.0	0.9703003	0.99851805	0.98708814	0.9694231	0.9696753	0.98953146	0.99784714	0.99624723	0.99618196	1.0	0.9875075	1.0	0.9936678	0.9935299	0.9802387	0.99509746	0.99437034	0.99013364	1.0	0.95986664	0.99747455	0.9877054	1.0	0.9900166	0.9954114	0.97147155	0.9825456	0.9701381	0.9877124	0.9987535	0.9983101	0.94941705	0.86921155	0.9965897	0.9917873	0.9777443	0.97600085	0.99040073	0.9799327	0.99805343	0.9813734	0.9907733	0.99860734	0.99021375	0.964791	0.99305147	0.996318	0.97056735	0.9833938	0.9895345	0.97055036	0.97686905	0.9906766	0.9796187	0.98452836	0.99908787
gemanipuleerd/adj	0.98888165	0.9445592	0.99750346	0.93192506	0.9909097	0.95373654	0.9846408	0.9921857	0.9638763	0.9846932	0.9643387	0.98449934	0.9591597	0.982438	0.94288754	0.98061275	0.9775152	0.9374322	0.9968729	0.9288786	0.9656581	0.99715054	0.976295	0.9688288	0.9515354	0.96818817	0.97424036	0.9461373	0.977543	0.9856229	0.9912633	0.99732065	0.0	0.9882264	0.9804705	0.9495104	0.95396936	0.99475217	0.96059597	0.98340076	0.99359685	0.97656363	0.89421034	0.9737749	0.9760689	0.97616756	0.99607277	0.95346016	0.9603032	0.9947084	0.9664435	1.0	0.9389471	0.9729508	0.95494425	0.96311975	0.965025	0.9783426	0.95701635	0.928092	0.94710165	0.96903336	0.9890191	0.969772	0.99225867	0.95340186	0.97354966	0.98400444	0.9924308	1.0	0.9758885	0.9868499	1.0	0.9896266	0.97833157	0.9720639	0.9642803	0.9593686	0.9372781	0.9700502	0.97794896	0.9965048	0.99040943	0.9903803	0.97983664	0.98720986	0.9679487	0.9731294	0.9635224	0.945925	0.96207345	0.9466739	0.95815796	0.9650105	0.94810885	0.9886022
genomen/adj	0.96400696	0.9966431	0.94389546	0.94928443	0.93270665	0.92720294	0.9224213	0.97392267	0.8802327	0.96846515	0.95443004	0.9409415	0.9429886	0.92635745	0.91942614	0.88998806	0.9377963	0.9123656	0.9762337	0.85587823	0.93714577	0.9692672	0.8301539	0.93674123	0.87313926	0.9963429	0.97451293	0.8473706	0.9381694	0.9126466	0.9313172	0.98007613	0.9882264	0.0	0.9619413	0.9618157	0.9290403	0.9724178	0.9516195	0.9616186	0.99601805	0.9396513	0.90777576	0.83196205	0.8615786	0.95037377	0.91455007	0.93275875	0.91999567	0.97198725	0.931207	0.9784698	0.875275	0.91649604	0.91183907	0.8836751	0.90541196	0.89054537	0.91687655	0.9432416	0.8976545	0.9023077	0.96948224	0.8680189	0.978517	0.9451046	0.8653343	0.9368717	0.93291104	0.99034786	0.93233794	0.92964995	0.99300325	0.96360326	0.8684033	0.8752818	0.8564181	0.9546244	0.82760215	0.98047394	0.9039786	0.9515313	0.9171432	1.0	0.9178962	0.9540568	0.90309304	0.8897479	0.9326663	0.90515125	0.8447721	0.8152534	0.96992666	0.9043015	0.8846088	0.94545084
gepantserd/adj	0.9869348	0.9869078	0.976073	0.9806018	0.9322395	0.97856027	0.9551911	0.9741077	0.9778334	0.97888124	0.98765296	0.98939747	0.9829459	0.95794773	0.9622624	0.90893394	0.966182	0.96707547	0.9909293	0.97479534	0.94320786	0.9933498	0.95574015	0.882468	0.96260643	0.98729193	0.93515027	0.9341306	0.9385152	0.9439796	0.9657942	0.954788	0.9804705	0.9619413	0.0	0.96259546	0.9576559	0.9837853	0.9890794	0.96533287	0.965891	0.9864879	0.899576	0.9462387	0.9075801	0.93163705	0.9550044	0.93139565	0.93871576	0.9609099	0.97766095	0.9898164	0.907369	0.9823888	0.94296753	0.8944606	0.93265754	0.92680836	0.96759385	0.91995394	0.97470003	0.96664476	0.9658611	0.8795673	0.98676825	0.98054886	0.91140056	0.97546226	0.9564267	0.9974031	0.962256	0.9748002	0.92592883	0.98509324	0.9157888	0.88485014	0.95537966	0.96276534	0.92464775	0.97533154	0.9319609	0.97100717	0.91634655	0.9973692	0.9643954	0.95896906	0.92963934	0.9202156	0.9705345	0.9719597	0.8828611	0.9737673	0.9698931	0.947633	0.94060326	0.98514825
geïmporteerd/adj	0.9887379	0.9399547	0.98348933	0.9528142	0.96836627	0.9902391	0.94765455	0.95928085	0.9482989	0.95138395	0.9836241	0.9753155	0.9592691	0.93562543	0.9527504	0.91082895	0.99101794	0.92970216	0.9848057	0.948398	0.9480699	0.99722683	0.9338548	0.93646646	0.94987684	0.99297947	0.9555875	0.9284803	0.9733025	0.98289186	0.96622604	0.98508936	0.9495104	0.9618157	0.96259546	0.0	0.93014944	0.9709029	0.99054664	0.9512905	0.99550134	0.99444586	0.86311823	0.9161672	0.916129	0.9870486	0.97258776	0.97991693	0.99024576	0.9725214	0.98639596	0.9468122	0.9008575	0.9471541	0.9524341	0.9404637	0.93112403	0.9241827	0.9937716	0.9310193	0.97376794	0.96199554	0.9906996	0.91662395	0.9538012	0.9681989	0.85871387	0.9662641	0.96940833	0.9008529	0.9802518	0.97320485	0.99745935	0.96649134	0.9246432	0.91623354	0.9152319	0.9732836	0.92967016	0.96969235	0.9792654	0.92098594	0.9615891	0.98420495	0.9909828	0.9618802	0.9480795	0.90603244	0.98334074	0.95680624	0.91257566	0.9558772	0.9711105	0.95034254	0.9438903	0.9750419
goedkoop/adj	0.90335035	0.9756463	0.91593766	0.92049694	0.8550138	0.8932221	0.8439839	0.92314476	0.89413536	0.9518932	0.95616823	0.9791577	0.9241916	0.92958903	0.84618723	0.69234943	0.9756751	0.8681082	0.99292755	0.8355994	0.9094495	0.9438479	0.92474866	0.83412707	0.9051912	0.991117	0.8891715	0.8507917	0.88429147	0.9192847	0.9054582	0.9975383	0.95396936	0.9290403	0.9576559	0.93014944	0.0	0.89547116	0.93779224	0.882046	0.9548326	0.9243065	0.899762	0.91874516	0.7497127	0.80404824	0.90548617	0.925418	0.7578993	0.98111874	0.91926074	0.9568412	0.7155563	0.8896214	0.704613	0.706555	0.75671446	0.72122854	0.88168985	0.8220348	0.882962	0.8236031	0.8735144	0.6316124	0.96020097	0.8166977	0.778299	0.91612345	0.9377235	0.9794347	0.8873583	0.8830639	0.99745184	0.95144147	0.7231276	0.7352073	0.9068428	0.9785559	0.7185064	0.95365214	0.9303257	0.99431217	0.84720075	0.96047837	0.8677571	0.90830714	0.7534419	0.8967392	0.84250027	0.8961183	0.72294676	0.94989693	0.88572806	0.8582472	0.8739946	0.9384952
hard/adj	0.9170392	0.99973017	0.95761955	0.9944948	0.86048687	0.918112	0.93155414	0.92807794	0.7923633	0.9962194	0.94333524	0.9872213	0.9165888	0.9307681	0.87996185	0.8771899	0.9713755	0.8836013	0.97254604	0.8567431	0.87826526	0.92804277	0.8646472	0.89417624	0.85726535	0.99343216	0.9074848	0.86488295	0.92075366	0.86233	0.92908216	0.95366716	0.99475217	0.9724178	0.9837853	0.9709029	0.89547116	0.0	0.9303376	0.9373373	0.9868858	0.9020611	0.96461076	0.90715706	0.9394636	0.88159096	0.95575666	0.94281167	0.88369155	0.9831968	0.87301165	0.9986563	0.888598	0.8503363	0.87600005	0.9008522	0.89116323	0.87474144	0.83494747	0.8771757	0.86400867	0.90111595	0.9275779	0.9243841	0.940614	0.85984635	0.92390686	0.93447626	0.9737855	0.9996581	0.9009605	0.9550906	1.0	0.9963353	0.8914485	0.9283277	0.90279937	0.9652316	0.8054394	0.96500283	0.9296382	0.98544365	0.8867732	1.0	0.8466836	0.96969575	0.92065287	0.860323	0.87643945	0.8492483	0.9168905	0.9513856	0.9233427	0.8201729	0.8578434	0.90429366
het/det	0.9799738	0.9953683	0.9100237	0.97487515	0.891218	0.77878535	0.9081605	0.94691145	0.9096087	0.9689369	0.9154809	0.979038	0.94043946	0.9494568	0.850822	0.93730944	0.9676	0.9012798	0.96598804	0.6111209	0.90295964	0.97101134	0.95942813	0.95271116	0.817196	0.9995949	0.92721385	0.8639304	0.90161103	0.8660558	0.9404647	0.99644744	0.96059597	0.9516195	0.9890794	0.99054664	0.93779224	0.9303376	0.0	0.9476293	0.9743784	0.918866	0.9550343	0.7446062	0.9911641	0.9256232	0.9502919	0.97212076	0.95549315	0.9944481	0.92249906	0.98613375	0.95368844	0.89950216	0.9373496	0.9301711	0.9528172	0.83794355	0.90176713	0.78583217	0.8164852	0.8933759	0.940176	0.9722744	0.94366586	0.895284	0.9451502	0.94286346	0.9680715	0.96833	0.8862194	0.9750103	0.9928216	0.9733289	0.9280174	0.9624591	0.89308053	0.93062973	0.67920274	0.9937472	0.93418455	0.99399024	0.8688483	1.0	0.8918445	0.9874211	0.78888047	0.7638298	0.89450276	0.8295747	0.92893875	0.8843154	0.9605151	0.8776653	0.8817277	0.9311598
hoeveelheid/noun	0.9503915	0.99938506	0.9359366	0.9707919	0.9038614	0.93738896	0.93637836	0.9257377	0.9463762	0.9962784	0.9369339	0.95642835	0.91994023	0.9438368	0.89090365	0.8361449	0.95973045	0.90393394	0.9601326	0.9108832	0.9132625	0.9798188	0.916156	0.8924338	0.9339402	0.99794906	0.8979252	0.9201765	0.8660305	0.93929327	0.9242832	1.0	0.98340076	0.9616186	0.96533287	0.9512905	0.882046	0.9373373	0.9476293	0.0	0.9721212	0.9622463	0.9572544	0.90095115	0.85380375	0.8920653	0.8859429	0.93505067	0.86272335	0.9697527	0.948813	0.93075246	0.8209475	0.9368824	0.86278737	0.8262417	0.8599708	0.83230716	0.94207287	0.9153217	0.8755707	0.91616905	0.96299386	0.8101029	0.95494306	0.9152911	0.8487793	0.9513896	0.9694203	0.99605334	0.9410816	0.91079164	1.0	0.9890201	0.8662419	0.83492196	0.90945625	0.97651213	0.8418685	0.9502465	0.951121	0.97367954	0.900954	0.99578243	0.93215644	0.97142166	0.9063184	0.8896383	0.8826697	0.90578127	0.8174868	0.93285877	0.96438235	0.9212524	0.93661684	0.93447816
hoogwaardig/adj	0.97664404	0.9974076	0.9867163	0.96607524	0.9728164	0.93804914	0.95418876	0.9724272	0.9342597	0.9996968	0.96595484	0.99407315	0.99321103	0.9845526	0.98367196	0.9622452	0.9645168	0.97223765	0.99888545	0.95214546	0.9659127	0.99562305	0.9605231	0.9706304	0.9617121	0.9985212	0.9734807	0.91307557	0.9808137	0.996186	0.99034953	0.9703003	0.99359685	0.99601805	0.965891	0.99550134	0.9548326	0.9868858	0.9743784	0.9721212	0.0	0.9458377	0.9829392	0.96213305	0.95451456	0.9682	0.96318	0.98078847	0.97874165	0.9717706	0.9636666	0.99982184	0.9262132	0.9414734	0.96318865	0.9609516	0.92105734	0.95754135	0.9898525	0.93262136	0.95406145	0.9823082	0.986039	0.9485566	0.9938175	0.9497611	0.9236301	0.97625256	0.96850485	1.0	0.96455216	0.95603967	0.9465646	0.9809299	0.95825654	0.9432883	0.95710677	0.94940543	0.93134177	0.9639547	0.96716326	0.9998048	0.9640787	1.0	0.965643	0.99569005	0.94886017	0.9453388	0.9724785	0.96328586	0.93669105	0.97713983	0.9990277	0.9395552	0.9635385	0.98453975
hoop/noun	0.91729295	0.9997714	0.9338305	0.9859102	0.8811609	0.91611314	0.8611479	0.8976145	0.82575417	0.9659118	0.93010736	0.97522163	0.937795	0.9398932	0.8868556	0.9142615	0.9747205	0.90335464	0.9831413	0.8443621	0.91971296	0.92487514	0.86745244	0.91320324	0.8443158	0.97122943	0.933141	0.84882975	0.9351196	0.8555707	0.96312153	0.99851805	0.97656363	0.9396513	0.9864879	0.99444586	0.9243065	0.9020611	0.918866	0.9622463	0.9458377	0.0	0.9672952	0.9004069	0.9519297	0.91642225	0.9506047	0.9590493	0.9098026	0.99052763	0.87952745	1.0	0.91120076	0.90514815	0.89417577	0.9128121	0.90901023	0.87167835	0.85638106	0.8822056	0.9028004	0.93621886	0.9164635	0.95448554	0.92896503	0.8663713	0.92501605	0.9161413	0.97335035	0.99356633	0.88770175	0.9646913	0.99991065	0.985639	0.9168094	0.92939866	0.90286607	0.97302413	0.7980127	0.987316	0.9321219	0.9654082	0.8963526	0.9722725	0.8893006	0.97502154	0.88913995	0.8897717	0.8969161	0.8773902	0.91590345	0.9127912	0.9466182	0.83282626	0.87942153	0.94982666
importeer/verb	0.9726078	0.93446815	0.93506765	0.9004128	0.88515455	0.9447932	0.9140467	0.9722969	0.9391172	0.97026443	0.9463228	0.9636584	0.95461303	0.9207158	0.92275333	0.8846222	0.95092154	0.9131534	0.99478954	0.903001	0.9192853	0.97334164	0.87870604	0.89247835	0.9010545	0.9730735	0.93877614	0.844142	0.9028266	0.9545054	0.9486285	0.98708814	0.89421034	0.90777576	0.899576	0.86311823	0.899762	0.96461076	0.9550343	0.9572544	0.9829392	0.9672952	0.0	0.84968644	0.83462244	0.9395602	0.9106761	0.9190584	0.93338966	0.9658799	0.9620589	0.96527857	0.79867303	0.9229251	0.9020274	0.83987063	0.8438175	0.8489716	0.94378066	0.94557124	0.93022424	0.94139415	0.97166985	0.8334821	0.9649248	0.9295297	0.86573255	0.93948185	0.9392253	0.9865423	0.9380353	0.8644077	1.0	0.9441117	0.8589133	0.80150914	0.84499997	0.9581775	0.8529531	0.9452497	0.9201262	0.9752086	0.9355839	0.99094766	0.9327757	0.91090333	0.8807039	0.8666503	0.93751264	0.94131875	0.82899237	0.89870554	0.97504234	0.9276469	0.92179805	0.9494674
in/prep	0.939844	0.93509966	0.84333336	0.9205128	0.77306557	0.81884974	0.8946546	0.9172056	0.746647	0.9197377	0.8964624	0.9018419	0.9016843	0.85796314	0.8608223	0.8369083	0.94125724	0.9033561	0.9599758	0.6008168	0.89305973	0.92391855	0.6881006	0.9333614	0.7310394	0.96731424	0.9391186	0.8729435	0.9108738	0.86661506	0.8956528	0.9694231	0.9737749	0.83196205	0.9462387	0.9161672	0.91874516	0.90715706	0.7446062	0.90095115	0.96213305	0.9004069	0.84968644	0.0	0.94285476	0.8707013	0.9450394	0.9078413	0.90612894	0.9376138	0.8249773	0.9376404	0.9160676	0.8961374	0.9432216	0.90815115	0.9133849	0.6204875	0.85217685	0.8344367	0.8599818	0.7401916	0.9285697	0.9511931	0.8954954	0.91092944	0.8088337	0.9119993	0.93629885	0.98190665	0.8546132	0.90287054	0.9799758	0.94134164	0.869894	0.9168383	0.39975882	0.84279686	0.733065	0.94850254	0.8968142	0.934687	0.87089336	0.9889918	0.8028009	0.959151	0.86348265	0.40924394	0.88711303	0.76009876	0.8770494	0.39284247	0.90062743	0.82360506	0.8347883	0.9297245
kilo/noun	0.82878363	0.94325465	0.8949578	0.8812538	0.81053096	0.9062761	0.87336063	0.9344628	0.9684741	0.9526564	0.9013956	0.89744073	0.9750669	0.8709331	0.8629984	0.56077754	0.9301845	0.8364847	0.944623	0.92829657	0.7799716	0.97190046	0.9032182	0.68327117	0.9740861	0.98147726	0.915634	0.70640963	0.80323595	0.96612406	0.90414864	0.9696753	0.9760689	0.8615786	0.9075801	0.916129	0.7497127	0.9394636	0.9911641	0.85380375	0.95451456	0.9519297	0.83462244	0.94285476	0.0	0.86409533	0.70717764	0.8192729	0.7862474	0.9338669	0.96947557	0.9634453	0.4893918	0.9212894	0.7124977	0.5448011	0.5912201	0.6685249	0.93674225	0.908774	0.8528186	0.85428524	0.86480004	0.24363619	0.9347572	0.86547863	0.6609799	0.92070305	0.8594343	0.9354966	0.86232144	0.78029966	0.9948435	0.8780173	0.5671166	0.33913928	0.9107233	0.9671514	0.71492624	0.9228932	0.8666507	0.9438148	0.7745968	0.9925753	0.86374927	0.8159619	0.6695757	0.90731436	0.81447333	0.92692876	0.37041163	0.94066614	0.9054352	0.96511734	0.94937074	0.9233194
klein/adj	0.9346262	0.99406	0.9548454	0.9630427	0.860345	0.89504653	0.8606246	0.93844974	0.8673442	0.96997947	0.9602455	0.9664418	0.9173301	0.921828	0.8800172	0.78859276	0.98870564	0.9280206	1.0	0.8521615	0.91357154	0.93298334	0.8843462	0.843902	0.88192874	0.9998405	0.8757921	0.86902374	0.8675253	0.8831551	0.92807573	0.98953146	0.97616756	0.95037377	0.93163705	0.9870486	0.80404824	0.88159096	0.9256232	0.8920653	0.9682	0.91642225	0.9395602	0.8707013	0.86409533	0.0	0.9243607	0.93161654	0.81536907	0.9510951	0.89944357	0.94247687	0.8216671	0.8790375	0.78763187	0.8313853	0.843732	0.7953917	0.89022374	0.83597434	0.9104636	0.86545074	0.9292376	0.8035179	0.9458214	0.88084924	0.8554811	0.9304222	0.9393014	0.9916341	0.89612335	0.9472861	0.9821612	0.9737428	0.80705106	0.8588476	0.8919294	0.9866652	0.80238146	0.9805183	0.9479699	0.99685264	0.86923736	1.0	0.86546946	0.95285887	0.8438653	0.8145063	0.86284995	0.8691305	0.8143004	0.9095323	0.9186868	0.83021283	0.8603359	0.95792043
krijg_binnen/verb	0.9138884	0.9851277	0.9638337	0.9495584	0.9114963	0.88823473	0.9158036	0.967321	0.94843054	0.951901	0.9356091	0.94589496	0.9901294	0.91204846	0.9401953	0.8067467	0.9401002	0.8885821	0.9719102	0.9367931	0.8565723	0.9802147	0.93040967	0.8667309	0.94346684	0.95941985	0.90154177	0.8325603	0.8651116	0.95235574	0.94539493	0.99784714	0.99607277	0.91455007	0.9550044	0.97258776	0.90548617	0.95575666	0.9502919	0.8859429	0.96318	0.9506047	0.9106761	0.9450394	0.70717764	0.9243607	0.0	0.88411295	0.8955834	0.9752586	0.9768181	0.97232467	0.75757754	0.933236	0.8848573	0.80210334	0.8267691	0.85201794	0.9547838	0.9511879	0.89056253	0.9232836	0.9233059	0.7069776	0.9329201	0.9091708	0.8291421	0.96702087	0.8902145	0.9818129	0.9276825	0.9154922	0.9867333	0.94733214	0.8150513	0.723105	0.9168667	0.97157145	0.8400992	0.95757353	0.91157764	0.97179836	0.8575862	0.9959736	0.9187943	0.91506934	0.8350234	0.9126988	0.92610085	0.9578786	0.7142633	0.920264	0.96745753	0.94496596	0.9443577	0.9522582
lading/noun	0.9480906	0.97851676	0.94899446	0.94935626	0.933042	0.95568085	0.94063336	0.96041036	0.9337483	0.9602893	0.9462763	0.9530679	0.9609992	0.9423315	0.92253643	0.84339535	0.9565908	0.94768864	0.9634239	0.91132903	0.9004648	0.96554214	0.8981075	0.9144995	0.93207103	0.9392623	0.94609946	0.8722644	0.8876914	0.95714635	0.97474784	0.99624723	0.95346016	0.93275875	0.93139565	0.97991693	0.925418	0.94281167	0.97212076	0.93505067	0.98078847	0.9590493	0.9190584	0.9078413	0.8192729	0.93161654	0.88411295	0.0	0.90604204	0.985677	0.96998197	0.9287148	0.8171803	0.92701995	0.92252254	0.86199105	0.86665094	0.8674053	0.9519531	0.9367827	0.89234054	0.92792916	0.955029	0.8011662	0.94755554	0.9445254	0.858184	0.9650919	0.96511036	0.98597807	0.92630243	0.8920267	0.9916046	0.975489	0.8415271	0.7864833	0.9005146	0.9606423	0.86574686	0.9584652	0.90312076	0.98941034	0.9308472	0.96896803	0.9296559	0.8717137	0.8782241	0.897525	0.95091134	0.94346386	0.816682	0.9118123	0.9515709	0.937137	0.9463174	0.96298385
licht/adj	0.84644884	0.9951311	0.88932633	0.9549502	0.8683517	0.89810514	0.9112223	0.9207367	0.8671337	0.9452007	0.9301949	0.94275856	0.9253476	0.9404497	0.8383345	0.73730445	0.95003366	0.88802445	0.9920957	0.8903092	0.8865596	0.9319929	0.8820152	0.85895497	0.88191605	0.9842887	0.8574349	0.81982434	0.88076097	0.8664782	0.9314777	0.99618196	0.9603032	0.91999567	0.93871576	0.99024576	0.7578993	0.88369155	0.95549315	0.86272335	0.97874165	0.9098026	0.93338966	0.90612894	0.7862474	0.81536907	0.8955834	0.90604204	0.0	0.96545225	0.89261454	0.9513549	0.77619296	0.89608645	0.69390655	0.7252377	0.7596513	0.7314157	0.84827936	0.8775021	0.8659129	0.8131417	0.89777064	0.7233708	0.92330354	0.79500407	0.8402947	0.89956295	0.9598908	0.99854183	0.882262	0.89684236	0.987101	0.98995477	0.8170911	0.77140665	0.8402407	0.981408	0.7568244	0.9712026	0.9004516	0.99990106	0.9021442	0.99909073	0.8726444	0.93259007	0.84760493	0.92130363	0.82832384	0.9091606	0.78671885	0.9122902	0.89979315	0.88851964	0.9065807	0.93302846
lichtgewicht/adj	0.9568836	0.9778526	0.98546416	0.9854726	0.94479537	0.95261306	0.97004974	0.9952569	0.9641924	0.9581919	0.9708477	0.9882164	0.9835345	0.94534504	0.96547806	0.9405013	0.9708281	0.9722886	0.979261	0.9570842	0.9819968	1.0	0.9614833	0.9690373	0.9611043	0.9990431	0.9855038	0.9751818	0.99632865	0.9843702	0.968006	1.0	0.9947084	0.97198725	0.9609099	0.9725214	0.98111874	0.9831968	0.9944481	0.9697527	0.9717706	0.99052763	0.9658799	0.9376138	0.9338669	0.9510951	0.9752586	0.985677	0.96545225	0.0	0.946021	0.99368	0.94545555	0.97652	0.9605929	0.969065	0.9703847	0.96119654	0.9921011	0.9755597	0.9883415	0.9756289	0.9855397	0.9560198	0.9807704	0.9940268	0.9522116	0.9767008	0.980254	1.0	0.93210244	0.92731637	1.0	0.99503785	0.9808135	0.9522242	0.93667436	0.9790695	0.95004106	0.9784904	0.98701894	1.0	0.97968954	1.0	0.95475924	0.9762783	0.9688053	0.97069085	0.9880966	0.9750918	0.9501321	0.9662942	0.98705554	0.9732488	0.9701623	0.97184676
maak/verb	0.93587774	0.9957548	0.9590403	0.95490295	0.8625757	0.928229	0.9159663	0.88958824	0.67545116	0.9708591	0.9288667	0.9693799	0.8890682	0.94779676	0.86793166	0.9212657	0.9904324	0.91558564	0.9886002	0.7870211	0.9293449	0.90597093	0.795377	0.95633394	0.7503809	0.9931367	0.94666547	0.8981109	0.9167662	0.85546994	0.9281872	0.9875075	0.9664435	0.931207	0.97766095	0.98639596	0.91926074	0.87301165	0.92249906	0.948813	0.9636666	0.87952745	0.9620589	0.8249773	0.96947557	0.89944357	0.9768181	0.96998197	0.89261454	0.946021	0.0	0.9983873	0.9265005	0.861129	0.82991827	0.93166363	0.92586696	0.9030177	0.8542966	0.83022785	0.8965717	0.8837339	0.91373444	0.9663331	0.96268517	0.9117149	0.8692883	0.85588026	0.9780214	0.99859214	0.89577276	0.94075376	1.0	0.99082017	0.89290315	0.95959467	0.84389216	0.9314896	0.7917533	0.9959489	0.9589475	1.0	0.856937	0.977686	0.8807484	0.9918368	0.84601474	0.84298474	0.8769145	0.74688256	0.9047295	0.8327966	0.9334578	0.7286118	0.83276534	0.9532078
magnetisch/adj	0.9731698	1.0	0.9578806	0.9874304	0.97138643	0.96527976	0.98695385	1.0	0.97995603	0.9608952	0.98614126	0.9645107	1.0	0.9995151	0.9838626	0.94789004	0.9995763	0.99841994	1.0	0.9416852	0.980218	1.0	0.9633588	0.96236706	0.9610708	1.0	0.9978413	0.9762529	0.9916813	0.9850976	0.9736447	1.0	1.0	0.9784698	0.9898164	0.9468122	0.9568412	0.9986563	0.98613375	0.93075246	0.99982184	1.0	0.96527857	0.9376404	0.9634453	0.94247687	0.97232467	0.9287148	0.9513549	0.99368	0.9983873	0.0	0.95188284	0.99090976	0.98579556	0.9519829	0.9547659	0.95146304	0.97580767	0.9821977	0.98086584	0.97408694	1.0	0.96512705	0.96179235	0.97529083	0.9580078	0.9913712	0.9890027	1.0	0.98362863	0.96664727	1.0	0.98463714	0.99273854	0.9768028	0.94624877	0.98840463	0.95224863	0.9933383	0.9844309	0.9984767	0.99627817	0.9914331	0.9888153	0.9998543	0.9683612	0.9538555	0.98988706	0.9728846	0.9617885	0.9658807	0.9931848	0.97722876	0.999147	1.0
meer/det	0.9184252	0.9628972	0.924963	0.8639492	0.8159551	0.90666485	0.7668594	0.9032744	0.9021913	0.96062374	0.9279455	0.9058808	0.9082203	0.8749013	0.7838989	0.56703967	0.9318236	0.82028306	0.9694362	0.85903406	0.8091504	0.94229287	0.8369091	0.70813525	0.9186771	0.9811561	0.88701093	0.66720825	0.732233	0.92885846	0.8988298	0.9936678	0.9389471	0.875275	0.907369	0.9008575	0.7155563	0.888598	0.95368844	0.8209475	0.9262132	0.91120076	0.79867303	0.9160676	0.4893918	0.8216671	0.75757754	0.8171803	0.77619296	0.94545555	0.9265005	0.95188284	0.0	0.8434583	0.6459291	0.57994604	0.47803223	0.66305035	0.89431953	0.8371626	0.85093606	0.8484939	0.89746165	0.37729394	0.944288	0.83474475	0.6461489	0.90424186	0.87015116	0.9425772	0.8611283	0.7477987	0.99916434	0.8892824	0.5531873	0.39356244	0.9232812	0.98269004	0.6191372	0.94350976	0.8782246	0.9414325	0.84326714	0.99380255	0.81961036	0.8389628	0.6188471	0.84566426	0.7971251	0.89791447	0.4714064	0.9198211	0.93532264	0.89491665	0.8698547	0.91046387
met/adv	0.9294617	0.9654346	0.94241625	0.94783103	0.8928965	0.9040647	0.8703281	0.9405883	0.802872	0.9853228	0.92053986	0.9618553	0.920379	0.95101553	0.8554737	0.89134	0.9803822	0.8695342	0.99087304	0.83090264	0.9111746	0.9396626	0.84977674	0.8999781	0.81529945	0.97703516	0.9283157	0.83939314	0.94076085	0.9015166	0.89397955	0.9935299	0.9729508	0.91649604	0.9823888	0.9471541	0.8896214	0.8503363	0.89950216	0.9368824	0.9414734	0.90514815	0.9229251	0.8961374	0.9212894	0.8790375	0.933236	0.92701995	0.89608645	0.97652	0.861129	0.99090976	0.8434583	0.0	0.86539423	0.90699446	0.85216314	0.86514187	0.90383625	0.87583214	0.86626506	0.9269223	0.93386674	0.909007	0.94445324	0.8380395	0.8772517	0.8946451	0.94864154	0.9954729	0.9103534	0.9690674	0.9906972	0.9714194	0.9016398	0.9173378	0.90937704	0.9460693	0.76517606	0.96988773	0.91662174	0.98631126	0.91263086	0.9365722	0.87540996	0.9453765	0.85345006	0.83863324	0.8789511	0.8495109	0.8811134	0.9413475	0.9196917	0.80354077	0.80117255	0.9321574
met/prep	0.87383294	0.9961668	0.8609783	0.9294107	0.8215	0.900657	0.87152475	0.92537105	0.77137697	0.9715217	0.93506306	0.95254993	0.9144783	0.95432264	0.7927067	0.6904253	0.9496629	0.8287297	0.9865037	0.80514646	0.85253644	0.9336198	0.884789	0.8099845	0.8250757	0.9923902	0.8083614	0.8207545	0.87799937	0.89708066	0.91040385	0.9802387	0.95494425	0.91183907	0.94296753	0.9524341	0.704613	0.87600005	0.9373496	0.86278737	0.96318865	0.89417577	0.9020274	0.9432216	0.7124977	0.78763187	0.8848573	0.92252254	0.69390655	0.9605929	0.82991827	0.98579556	0.6459291	0.86539423	0.0	0.61681926	0.65973425	0.5518721	0.8209448	0.83676773	0.9037851	0.79765356	0.8867666	0.61402905	0.9486796	0.8063674	0.778733	0.8749338	0.94391775	0.9694902	0.8691851	0.85262024	0.98329365	0.9698983	0.7218988	0.66085744	0.924874	0.9618163	0.6029834	0.97434515	0.9402822	0.9967511	0.8813006	0.9943521	0.80529475	0.9201033	0.78179675	0.90478945	0.709976	0.80471444	0.6845059	0.9426869	0.9103945	0.8214	0.8498352	0.8917797
minder/adj	0.8845748	0.9803844	0.8365557	0.8915608	0.8136154	0.86084485	0.78513974	0.9393214	0.9165087	0.9730337	0.91866803	0.9345243	0.95829326	0.92844766	0.7865335	0.5747819	0.8981809	0.7849733	0.97408324	0.854154	0.78055394	0.9072025	0.89131147	0.72199476	0.91225195	0.98472434	0.9227124	0.7309481	0.7646471	0.8886766	0.9276638	0.99509746	0.96311975	0.8836751	0.8944606	0.9404637	0.706555	0.9008522	0.9301711	0.8262417	0.9609516	0.9128121	0.83987063	0.90815115	0.5448011	0.8313853	0.80210334	0.86199105	0.7252377	0.969065	0.93166363	0.9519829	0.57994604	0.90699446	0.61681926	0.0	0.60793394	0.6520923	0.8533284	0.82789403	0.8496038	0.8410576	0.85596335	0.41307992	0.9344279	0.7957728	0.6637515	0.8886427	0.8947629	0.96599644	0.8621913	0.78568935	0.99806994	0.91412205	0.6141356	0.43894488	0.91492707	0.9628831	0.63054	0.93887043	0.9026567	0.97554374	0.7804347	0.9775732	0.8348885	0.85666573	0.63598907	0.8842778	0.7567407	0.8980192	0.48637092	0.91603047	0.9280634	0.88720757	0.93168676	0.8970556
minder/det	0.89795256	0.9756005	0.92607576	0.93408114	0.86543655	0.89029056	0.85098326	0.93413854	0.8994405	0.97266483	0.9314422	0.9230028	0.9434424	0.91721904	0.83471537	0.64431036	0.939401	0.86033535	0.9792192	0.8593885	0.8056929	0.9605821	0.8836029	0.7788363	0.9056274	0.9853327	0.9104662	0.7266424	0.81760836	0.9694554	0.9155497	0.99437034	0.965025	0.90541196	0.93265754	0.93112403	0.75671446	0.89116323	0.9528172	0.8599708	0.92105734	0.90901023	0.8438175	0.9133849	0.5912201	0.843732	0.8267691	0.86665094	0.7596513	0.9703847	0.92586696	0.9547659	0.47803223	0.85216314	0.65973425	0.60793394	0.0	0.7113081	0.9269573	0.8632307	0.88473064	0.84549624	0.89074117	0.50134766	0.9497108	0.8402661	0.7287924	0.91016454	0.9110539	0.9761925	0.87853944	0.83076763	0.99857104	0.9152762	0.65960467	0.5274262	0.92054915	0.9710191	0.6803951	0.9470358	0.91289306	0.9553078	0.8413222	0.99072844	0.8744064	0.8701567	0.716321	0.89076895	0.8049572	0.89469504	0.5799302	0.91719973	0.9055498	0.90700436	0.8713613	0.93333143
naar/prep	0.89004356	0.9709346	0.8346247	0.93214667	0.75980556	0.851798	0.84986603	0.9093323	0.87175953	0.9679057	0.91215265	0.9046359	0.91404337	0.85043526	0.7815592	0.616171	0.95026904	0.821305	0.9733043	0.7720912	0.83488405	0.92317206	0.89593506	0.7963517	0.8599155	0.9770179	0.8664838	0.77351147	0.8543124	0.8420454	0.90019035	0.99013364	0.9783426	0.89054537	0.92680836	0.9241827	0.72122854	0.87474144	0.83794355	0.83230716	0.95754135	0.87167835	0.8489716	0.6204875	0.6685249	0.7953917	0.85201794	0.8674053	0.7314157	0.96119654	0.9030177	0.95146304	0.66305035	0.86514187	0.5518721	0.6520923	0.7113081	0.0	0.8653095	0.84216595	0.84028065	0.6768223	0.88754445	0.55555075	0.9292338	0.8182867	0.78084946	0.89474577	0.9312279	0.9630688	0.84273773	0.81617135	0.98839104	0.93396086	0.68251294	0.6166295	0.7447711	0.91522396	0.57139635	0.9648355	0.89703786	0.9545313	0.85823476	0.9928905	0.7550187	0.9230641	0.71131253	0.5502436	0.782958	0.89007825	0.6643337	0.85307837	0.89343774	0.84103596	0.85796267	0.8710407
neem/verb	0.88966244	0.99847573	0.90310585	0.94859326	0.8051285	0.87629634	0.8538794	0.89959455	0.7739823	0.9652149	0.9213271	0.9792756	0.9012231	0.9135992	0.83508885	0.87123716	0.9539796	0.8664855	0.9793674	0.78903794	0.88883233	0.8799431	0.81169367	0.9015028	0.7644014	0.99206907	0.85155684	0.8379104	0.87852395	0.8037631	0.93858606	1.0	0.95701635	0.91687655	0.96759385	0.9937716	0.88168985	0.83494747	0.90176713	0.94207287	0.9898525	0.85638106	0.94378066	0.85217685	0.93674225	0.89022374	0.9547838	0.9519531	0.84827936	0.9921011	0.8542966	0.97580767	0.89431953	0.90383625	0.8209448	0.8533284	0.9269573	0.8653095	0.0	0.80604523	0.8106029	0.8615432	0.92054373	0.9266695	0.92447716	0.8454575	0.9086221	0.9078528	0.9606212	0.96667653	0.8823043	0.9714669	0.99514776	0.9814587	0.8922412	0.9159913	0.83451796	0.94005036	0.76067567	0.96886885	0.8941719	1.0	0.8389097	0.9787759	0.83807945	0.9880646	0.8403018	0.85060036	0.8431884	0.8337346	0.85453224	0.8577955	0.9256345	0.80992883	0.8762013	0.91230977
nieuw/adj	0.94259655	0.98665386	0.93570155	0.9431057	0.8559406	0.8538595	0.8419293	0.8984919	0.77446866	0.9309078	0.9112864	0.97313195	0.8854907	0.9424238	0.85666347	0.84277105	0.96978223	0.85063326	0.9953271	0.7426326	0.89772105	0.87731135	0.89192426	0.8540504	0.8113303	0.984764	0.9036045	0.82345456	0.8263008	0.85042804	0.9035021	0.95986664	0.928092	0.9432416	0.91995394	0.9310193	0.8220348	0.8771757	0.78583217	0.9153217	0.93262136	0.8822056	0.94557124	0.8344367	0.908774	0.83597434	0.9511879	0.9367827	0.8775021	0.9755597	0.83022785	0.9821977	0.8371626	0.87583214	0.83676773	0.82789403	0.8632307	0.84216595	0.80604523	0.0	0.81825435	0.91029227	0.88762915	0.8499262	0.94291955	0.8726857	0.81809306	0.88349116	0.96066755	0.9705991	0.840994	0.9498856	0.9724702	0.9504763	0.82095397	0.84391505	0.8974419	0.929651	0.7023237	0.97248745	0.9098781	0.99901104	0.84684265	0.96225756	0.8578087	0.96673155	0.7754429	0.82686883	0.8347403	0.79738194	0.801826	0.8792226	0.92824584	0.7426523	0.8296726	0.94666296
onderzoek/verb	0.9352067	0.99808854	0.91829157	0.96033853	0.84970456	0.80078053	0.8602624	0.91317517	0.8378472	0.9593291	0.89938664	0.95285267	0.8652834	0.8986156	0.76689726	0.86261725	0.9559675	0.8619418	0.9608667	0.77641976	0.8704829	0.92677474	0.8272924	0.8820632	0.7597002	0.9889529	0.9164991	0.76322186	0.8982258	0.8865414	0.93828124	0.99747455	0.94710165	0.8976545	0.97470003	0.97376794	0.882962	0.86400867	0.8164852	0.8755707	0.95406145	0.9028004	0.93022424	0.8599818	0.8528186	0.9104636	0.89056253	0.89234054	0.8659129	0.9883415	0.8965717	0.98086584	0.85093606	0.86626506	0.9037851	0.8496038	0.88473064	0.84028065	0.8106029	0.81825435	0.0	0.9180756	0.93228203	0.8507609	0.9285171	0.8579418	0.86166775	0.9114628	0.95711076	0.9644631	0.878687	0.9355966	0.98867315	0.95505476	0.8607013	0.84313434	0.84642863	0.96834934	0.6973674	0.93276054	0.8210652	0.99926895	0.8399461	0.9850059	0.86573005	0.9700576	0.8601322	0.8253318	0.8973337	0.7932287	0.80538857	0.8791771	0.940986	0.8304689	0.81151676	0.9262805
op/prep	0.9287882	0.96949977	0.88834614	0.93629587	0.85766876	0.92074776	0.92897725	0.95037556	0.8135637	0.9716273	0.9569363	0.96381897	0.78784287	0.92559046	0.88319826	0.7668654	0.91490906	0.931317	0.97848177	0.8188939	0.8969035	0.9537084	0.7645175	0.88903946	0.8762063	0.9821908	0.80107975	0.85278666	0.88038534	0.90290946	0.92597044	0.9877054	0.96903336	0.9023077	0.96664476	0.96199554	0.8236031	0.90111595	0.8933759	0.91616905	0.9823082	0.93621886	0.94139415	0.7401916	0.85428524	0.86545074	0.9232836	0.92792916	0.8131417	0.9756289	0.8837339	0.97408694	0.8484939	0.9269223	0.79765356	0.8410576	0.84549624	0.6768223	0.8615432	0.91029227	0.9180756	0.0	0.9056254	0.7949033	0.933346	0.8910832	0.88324916	0.9011845	0.9583159	0.96930754	0.82932854	0.91690475	0.9628435	0.9590536	0.8257226	0.8634486	0.7474426	0.8605645	0.77004254	0.9437985	0.89945745	0.96115494	0.918064	0.9937905	0.8491529	0.965234	0.79093856	0.801601	0.85839176	0.8926346	0.84778005	0.65716964	0.92969126	0.90171295	0.9064991	0.9421249
pak/noun	0.93382436	0.9957942	0.94398427	0.96628565	0.8997519	0.93295586	0.90565085	0.95702946	0.873419	0.9727677	0.95110446	0.9510214	0.9439946	0.9458349	0.9424266	0.89120334	0.978556	0.911627	0.9996236	0.92054665	0.90098774	0.9337702	0.8825696	0.8808643	0.8979401	0.9964722	0.9041308	0.87624884	0.92148244	0.9137379	0.9538568	1.0	0.9890191	0.96948224	0.9658611	0.9906996	0.8735144	0.9275779	0.940176	0.96299386	0.986039	0.9164635	0.97166985	0.9285697	0.86480004	0.9292376	0.9233059	0.955029	0.89777064	0.9855397	0.91373444	1.0	0.89746165	0.93386674	0.8867666	0.85596335	0.89074117	0.88754445	0.92054373	0.88762915	0.93228203	0.9056254	0.0	0.86007214	0.9334262	0.9227254	0.9016724	0.9203317	0.9662639	0.9986264	0.9144461	0.9299723	1.0	0.9704313	0.8641739	0.8760248	0.9002706	0.963579	0.8644981	0.9600679	0.9246688	0.98787594	0.90460116	0.9239352	0.8749275	0.93598515	0.84113044	0.8921075	0.9265081	0.910489	0.8617563	0.9408324	0.9258642	0.8741831	0.9509798	0.94803846
per/prep	0.83852684	0.9529769	0.8942104	0.8778439	0.7779738	0.8877191	0.8015873	0.9270985	0.9844948	0.96045256	0.91503954	0.9162979	0.97764164	0.8807064	0.8241416	0.46805483	0.9152384	0.79647183	0.9561939	0.89927495	0.76257026	0.95939845	0.9141239	0.6391057	0.96780795	0.98300713	0.88532877	0.6631868	0.7132157	0.95796204	0.9014828	0.9900166	0.969772	0.8680189	0.8795673	0.91662395	0.6316124	0.9243841	0.9722744	0.8101029	0.9485566	0.95448554	0.8334821	0.9511931	0.24363619	0.8035179	0.7069776	0.8011662	0.7233708	0.9560198	0.9663331	0.96512705	0.37729394	0.909007	0.61402905	0.41307992	0.50134766	0.55555075	0.9266695	0.8499262	0.8507609	0.7949033	0.86007214	0.0	0.9357665	0.82994556	0.5970988	0.92522824	0.8594361	0.9359686	0.8324138	0.74495864	0.98910666	0.8591855	0.40677595	0.2396456	0.9434586	0.97653174	0.6277503	0.92742735	0.8728716	0.9517766	0.76205933	0.9909715	0.83455396	0.8157171	0.5134603	0.89734745	0.74803877	0.9234881	0.27781916	0.9266809	0.89242196	0.9608848	0.94883263	0.9097779
plat/adj	0.9323902	0.9986779	0.9610811	0.9959667	0.9208379	0.911372	0.9423203	0.9548251	0.9142855	0.96374	0.9573328	0.9725136	0.9724413	0.95465463	0.9597502	0.9311116	0.978299	0.93690085	0.99752253	0.9093356	0.9300879	0.946509	0.92557186	0.9126386	0.9217658	0.98548913	0.9463543	0.9206717	0.89228237	0.912189	0.93199795	0.9954114	0.99225867	0.978517	0.98676825	0.9538012	0.96020097	0.940614	0.94366586	0.95494306	0.9938175	0.92896503	0.9649248	0.8954954	0.9347572	0.9458214	0.9329201	0.94755554	0.92330354	0.9807704	0.96268517	0.96179235	0.944288	0.94445324	0.9486796	0.9344279	0.9497108	0.9292338	0.92447716	0.94291955	0.9285171	0.933346	0.9334262	0.9357665	0.0	0.9344982	0.9279999	0.9116236	0.9498955	0.97789854	0.9244462	0.96077573	0.97741383	0.9838492	0.9237713	0.9410887	0.8968312	0.97232544	0.9115539	0.98797476	0.93415684	0.9858317	0.9364999	1.0	0.9437519	0.99268544	0.93947685	0.89435416	0.9685715	0.92622685	0.9272448	0.9425752	0.9414451	0.9163939	0.94686973	0.97017074
positief/adj	0.90186614	0.94892	0.8920218	0.96849674	0.86488116	0.863523	0.87789166	0.9086126	0.8693013	0.969164	0.93123746	0.94982404	0.9370491	0.9612735	0.79445344	0.84635544	0.9735281	0.8379239	0.9940774	0.8262589	0.91130924	0.926108	0.9250919	0.8753278	0.87842107	0.9735941	0.93512297	0.84197086	0.93107015	0.89400315	0.93793607	0.97147155	0.95340186	0.9451046	0.98054886	0.9681989	0.8166977	0.85984635	0.895284	0.9152911	0.9497611	0.8663713	0.9295297	0.91092944	0.86547863	0.88084924	0.9091708	0.9445254	0.79500407	0.9940268	0.9117149	0.97529083	0.83474475	0.8380395	0.8063674	0.7957728	0.8402661	0.8182867	0.8454575	0.8726857	0.8579418	0.8910832	0.9227254	0.82994556	0.9344982	0.0	0.8702614	0.9198398	0.97648656	0.98639536	0.8898901	0.9602226	0.9988009	0.95576537	0.8634701	0.8684318	0.91640204	0.94330287	0.7457478	0.9811883	0.9192097	0.9972345	0.87858015	0.987635	0.8628116	0.97784734	0.8564861	0.8881866	0.8595744	0.8818895	0.8249655	0.935176	0.931695	0.84116656	0.8606398	0.9423238
produceer/verb	0.92411095	0.9393932	0.8865552	0.90361786	0.8165715	0.8866781	0.870669	0.8854585	0.82347965	0.9265219	0.9145751	0.9447007	0.9384576	0.8870779	0.8627357	0.7105143	0.9456271	0.794647	0.98071206	0.78733104	0.8390995	0.9316358	0.7975838	0.80235755	0.8499129	0.99029523	0.8930333	0.7525805	0.8099186	0.9257559	0.9139525	0.9825456	0.97354966	0.8653343	0.91140056	0.85871387	0.778299	0.92390686	0.9451502	0.8487793	0.9236301	0.92501605	0.86573255	0.8088337	0.6609799	0.8554811	0.8291421	0.858184	0.8402947	0.9522116	0.8692883	0.9580078	0.6461489	0.8772517	0.778733	0.6637515	0.7287924	0.78084946	0.9086221	0.81809306	0.86166775	0.88324916	0.9016724	0.5970988	0.9279999	0.8702614	0.0	0.9045963	0.9247226	0.97133297	0.8374942	0.7975603	0.9972336	0.9138549	0.67857116	0.5609212	0.81897706	0.9374388	0.71083105	0.95663625	0.90995735	0.9765386	0.8480962	0.9961201	0.86732	0.89205873	0.7202965	0.8197423	0.8394942	0.8223008	0.59342694	0.806031	0.8995318	0.84029007	0.8554691	0.9216901
puur/adj	0.9357404	0.99127805	0.92834395	0.9888473	0.91554517	0.92982924	0.90438217	0.91549796	0.81446964	0.9554191	0.88522106	0.9571874	0.9170874	0.93692786	0.90850747	0.8974492	0.97044015	0.9161815	0.9922242	0.8844374	0.93197805	0.94091785	0.8794226	0.91749537	0.8634709	0.9936469	0.9313819	0.90883625	0.9099127	0.93444514	0.9000803	0.9701381	0.98400444	0.9368717	0.97546226	0.9662641	0.91612345	0.93447626	0.94286346	0.9513896	0.97625256	0.9161413	0.93948185	0.9119993	0.92070305	0.9304222	0.96702087	0.9650919	0.89956295	0.9767008	0.85588026	0.9913712	0.90424186	0.8946451	0.8749338	0.8886427	0.91016454	0.89474577	0.9078528	0.88349116	0.9114628	0.9011845	0.9203317	0.92522824	0.9116236	0.9198398	0.9045963	0.0	0.98105156	0.96534646	0.9131372	0.9571852	1.0	0.98384583	0.8964579	0.9145807	0.8999586	0.9786646	0.8342422	0.9941526	0.92164147	0.9954073	0.89952755	1.0	0.8941045	0.9554213	0.8988626	0.89775836	0.9116557	0.8687408	0.8832392	0.93501395	0.92179793	0.8023964	0.85484004	0.9021628
representatief/adj	0.96764725	0.9929476	0.9510434	0.985708	0.9123625	0.9411623	0.9196681	0.9474514	0.93579453	0.98339623	0.95739156	0.96527743	0.9719513	0.9238455	0.9226434	0.9000007	0.96193004	0.9422614	0.9841933	0.9518292	0.9197191	0.9873349	0.900951	0.9498968	0.94399697	0.99504507	0.9261103	0.9119082	0.92783004	0.9507576	0.9666057	0.9877124	0.9924308	0.93291104	0.9564267	0.96940833	0.9377235	0.9737855	0.9680715	0.9694203	0.96850485	0.97335035	0.9392253	0.93629885	0.8594343	0.9393014	0.8902145	0.96511036	0.9598908	0.980254	0.9780214	0.9890027	0.87015116	0.94864154	0.94391775	0.8947629	0.9110539	0.9312279	0.9606212	0.96066755	0.95711076	0.9583159	0.9662639	0.8594361	0.9498955	0.97648656	0.9247226	0.98105156	0.0	1.0	0.94735444	0.93502694	0.9927439	0.9811741	0.894981	0.8563151	0.92645293	0.97908187	0.89852357	0.9643717	0.95596534	0.9791672	0.91236067	0.9998418	0.93545884	0.9427546	0.90460825	0.9165474	0.9596592	0.9460357	0.86085165	0.9383182	0.98415333	0.9530998	0.9416016	0.9643269
roest_vrij/adj	0.9866187	0.9968133	0.9998232	0.99361795	0.9717281	0.99242765	0.9962425	1.0	0.98948044	0.98654264	0.99940133	0.9953165	1.0	0.97195554	0.9781235	0.9524228	0.9999798	0.9609523	1.0	0.98198926	0.989852	1.0	0.99987584	0.970582	0.9889878	0.9994864	0.9893921	0.9790679	0.9748693	0.9611392	0.9648449	0.9987535	1.0	0.99034786	0.9974031	0.9008529	0.9794347	0.9996581	0.96833	0.99605334	1.0	0.99356633	0.9865423	0.98190665	0.9354966	0.9916341	0.9818129	0.98597807	0.99854183	1.0	0.99859214	1.0	0.9425772	0.9954729	0.9694902	0.96599644	0.9761925	0.9630688	0.96667653	0.9705991	0.9644631	0.96930754	0.9986264	0.9359686	0.97789854	0.98639536	0.97133297	0.96534646	1.0	0.0	0.9634244	0.9859299	0.9917883	0.98237205	0.9657141	0.95606935	0.98818105	1.0	0.95657426	0.9959003	0.9958807	0.98968804	0.9985847	0.984383	0.9733552	0.97125417	0.97065663	0.99015325	0.9974045	0.9745375	0.9563655	0.9863901	0.99719274	0.9661196	0.9717827	0.99345785
rond/adj	0.8853017	0.9881931	0.8998802	0.93913525	0.8540493	0.8701501	0.88105536	0.957833	0.8589914	0.9313409	0.94105774	0.9567571	0.9345209	0.9354573	0.90287864	0.8469442	0.9663062	0.8923839	0.9825337	0.847996	0.8836595	0.9426263	0.89853394	0.86717343	0.87639093	0.9846204	0.9433683	0.85573065	0.8928383	0.9038363	0.9513432	0.9983101	0.9758885	0.93233794	0.962256	0.9802518	0.8873583	0.9009605	0.8862194	0.9410816	0.96455216	0.88770175	0.9380353	0.8546132	0.86232144	0.89612335	0.9276825	0.92630243	0.882262	0.93210244	0.89577276	0.98362863	0.8611283	0.9103534	0.8691851	0.8621913	0.87853944	0.84273773	0.8823043	0.840994	0.878687	0.82932854	0.9144461	0.8324138	0.9244462	0.8898901	0.8374942	0.9131372	0.94735444	0.9634244	0.0	0.9346943	0.984424	0.9510583	0.8533119	0.82884014	0.88241875	0.91727626	0.7962687	0.9467351	0.9205074	0.9979766	0.8912959	0.9875486	0.8964263	0.94831055	0.8094987	0.88484335	0.8671279	0.858369	0.8259392	0.8648234	0.91237277	0.8769683	0.8983052	0.93500227
ruw/adj	0.9471589	0.96208966	0.9321579	0.9204638	0.9056827	0.9379828	0.9218106	0.96991503	0.91151214	0.96301156	0.9523378	0.94266754	0.9382255	0.9174049	0.9184989	0.8285695	0.9847288	0.93238837	0.99053687	0.9269385	0.90025264	0.95673215	0.8942061	0.89578134	0.9184633	0.9923417	0.9520881	0.8525902	0.88586366	0.96599936	0.9755349	0.94941705	0.9868499	0.92964995	0.9748002	0.97320485	0.8830639	0.9550906	0.9750103	0.91079164	0.95603967	0.9646913	0.8644077	0.90287054	0.78029966	0.9472861	0.9154922	0.8920267	0.89684236	0.92731637	0.94075376	0.96664727	0.7477987	0.9690674	0.85262024	0.78568935	0.83076763	0.81617135	0.9714669	0.9498856	0.9355966	0.91690475	0.9299723	0.74495864	0.96077573	0.9602226	0.7975603	0.9571852	0.93502694	0.9859299	0.9346943	0.0	1.0	0.9651664	0.8028054	0.7355021	0.90606844	0.9672104	0.8151126	0.9594729	0.932081	0.9750166	0.93956506	0.9939829	0.92655987	0.93347114	0.8338202	0.89635897	0.9288738	0.9470256	0.7728797	0.91233927	0.95143175	0.9169912	0.939693	0.9553968
slinger_rond/adj	0.98462445	0.99413884	0.97931945	0.99002755	0.9941173	0.980599	0.9985676	1.0	0.9946055	0.9920964	0.9910405	1.0	1.0	1.0	0.99330235	0.99793226	1.0	0.98488426	1.0	0.98540604	0.99519974	1.0	0.95880604	0.9857295	0.97802246	0.99915504	0.93705237	0.96647584	0.99446225	1.0	0.9948269	0.86921155	1.0	0.99300325	0.92592883	0.99745935	0.99745184	1.0	0.9928216	1.0	0.9465646	0.99991065	1.0	0.9799758	0.9948435	0.9821612	0.9867333	0.9916046	0.987101	1.0	1.0	1.0	0.99916434	0.9906972	0.98329365	0.99806994	0.99857104	0.98839104	0.99514776	0.9724702	0.98867315	0.9628435	1.0	0.98910666	0.97741383	0.9988009	0.9972336	1.0	0.9927439	0.9917883	0.984424	1.0	0.0	0.9991121	0.99732685	0.9941446	0.9359043	0.99899864	0.990763	0.9871762	0.94797283	1.0	1.0	1.0	0.98849595	0.98819745	0.9977687	0.99015594	1.0	0.99965507	0.9907891	0.978468	0.9966814	0.98427725	0.9911607	1.0
stel_vrij/verb	0.9515376	0.9373598	0.9688698	0.9827854	0.9429698	0.9552319	0.90968025	0.95342106	0.97482896	0.9792026	0.96476626	0.97523797	0.9816576	0.9682844	0.9601801	0.89831764	0.9756444	0.9444249	0.97191215	0.95479506	0.93630016	0.9667152	0.92958033	0.95480263	0.98386526	0.9941495	0.97114176	0.9111785	0.9132784	0.9758881	0.9844771	0.9965897	0.9896266	0.96360326	0.98509324	0.96649134	0.95144147	0.9963353	0.9733289	0.9890201	0.9809299	0.985639	0.9441117	0.94134164	0.8780173	0.9737428	0.94733214	0.975489	0.98995477	0.99503785	0.99082017	0.98463714	0.8892824	0.9714194	0.9698983	0.91412205	0.9152762	0.93396086	0.9814587	0.9504763	0.95505476	0.9590536	0.9704313	0.8591855	0.9838492	0.95576537	0.9138549	0.98384583	0.9811741	0.98237205	0.9510583	0.9651664	0.9991121	0.0	0.8881531	0.8642423	0.9556626	0.9891169	0.9129294	0.96326786	0.97794396	0.99356073	0.9399125	0.9947863	0.9734934	0.95568687	0.86780703	0.95952773	0.9632026	0.9911374	0.85937995	0.9322553	0.97740066	0.9752235	0.9475436	0.9506222
stuk/noun	0.8948464	0.9781372	0.9058947	0.9179616	0.8012749	0.90221304	0.8559742	0.8705349	0.853328	0.9521711	0.91330296	0.92489845	0.95568794	0.8940047	0.83291745	0.6147796	0.9370007	0.8394165	0.9830159	0.83073044	0.8034853	0.9329332	0.8553347	0.7279215	0.8465169	0.9986345	0.89891464	0.71499264	0.7524962	0.90671456	0.901411	0.9917873	0.97833157	0.8684033	0.9157888	0.9246432	0.7231276	0.8914485	0.9280174	0.8662419	0.95825654	0.9168094	0.8589133	0.869894	0.5671166	0.80705106	0.8150513	0.8415271	0.8170911	0.9808135	0.89290315	0.99273854	0.5531873	0.9016398	0.7218988	0.6141356	0.65960467	0.68251294	0.8922412	0.82095397	0.8607013	0.8257226	0.8641739	0.40677595	0.9237713	0.8634701	0.67857116	0.8964579	0.894981	0.9657141	0.8533119	0.8028054	0.99732685	0.8881531	0.0	0.50675154	0.87053967	0.97231424	0.6522408	0.95194346	0.91262287	0.9740102	0.8044821	0.9981742	0.8254809	0.88555706	0.61641985	0.83346003	0.80708337	0.8242574	0.5201447	0.87122494	0.88461596	0.8311784	0.8919386	0.9206463
ton/noun	0.86410224	0.9678258	0.88031006	0.8740737	0.8017274	0.89931625	0.83259875	0.9258962	0.9631891	0.9524086	0.907187	0.9210935	0.9735484	0.8769044	0.83413184	0.55187106	0.89943546	0.81473565	0.9550964	0.89043796	0.7484655	0.9505796	0.8936794	0.65080065	0.9527224	0.98139095	0.90876883	0.64830625	0.74254966	0.95295423	0.9217334	0.9777443	0.9720639	0.8752818	0.88485014	0.91623354	0.7352073	0.9283277	0.9624591	0.83492196	0.9432883	0.92939866	0.80150914	0.9168383	0.33913928	0.8588476	0.723105	0.7864833	0.77140665	0.9522242	0.95959467	0.9768028	0.39356244	0.9173378	0.66085744	0.43894488	0.5274262	0.6166295	0.9159913	0.84391505	0.84313434	0.8634486	0.8760248	0.2396456	0.9410887	0.8684318	0.5609212	0.9145807	0.8563151	0.95606935	0.82884014	0.7355021	0.9941446	0.8642423	0.50675154	0.0	0.9172325	0.9730674	0.6437957	0.92558473	0.8670704	0.95781153	0.7864436	0.98248696	0.85435104	0.8082572	0.5848162	0.86780334	0.78006965	0.91027266	0.33448792	0.9004395	0.915158	0.9576561	0.94603443	0.9165738
uit/prep	0.89493144	0.9625782	0.8487766	0.93428004	0.79352313	0.8349233	0.90642613	0.9033981	0.69307685	0.90158194	0.8966439	0.92739326	0.81435776	0.86402303	0.86352265	0.8729061	0.92080224	0.92367405	0.966634	0.6377324	0.8794736	0.938371	0.4560964	0.89632785	0.69387203	0.9247757	0.6037899	0.7557122	0.9258783	0.8618137	0.8978439	0.97600085	0.9642803	0.8564181	0.95537966	0.9152319	0.9068428	0.90279937	0.89308053	0.90945625	0.95710677	0.90286607	0.84499997	0.39975882	0.9107233	0.8919294	0.9168667	0.9005146	0.8402407	0.93667436	0.84389216	0.94624877	0.9232812	0.90937704	0.924874	0.91492707	0.92054915	0.7447711	0.83451796	0.8974419	0.84642863	0.7474426	0.9002706	0.9434586	0.8968312	0.91640204	0.81897706	0.8999586	0.92645293	0.98818105	0.88241875	0.90606844	0.9359043	0.9556626	0.87053967	0.9172325	0.0	0.89180756	0.79758286	0.8683213	0.7866742	0.9623352	0.885572	0.9923596	0.8296674	0.92619234	0.92643017	0.60439336	0.90171665	0.74737996	0.84112954	0.4674505	0.9121536	0.82326704	0.8283022	0.9352608
val_samen/verb	0.9489094	0.95410174	0.9659778	0.99187356	0.9309952	0.92762095	0.96030664	0.9537057	0.8820495	0.98326105	0.9510165	0.9489129	0.9602744	0.94136095	0.95892304	0.95152104	0.9632357	0.95386416	0.9953606	0.9018229	0.96140647	0.98328614	0.88034093	0.97504073	0.9090737	0.9620459	0.9712483	0.9469597	0.97005045	0.9579422	0.97889364	0.99040073	0.9593686	0.9546244	0.96276534	0.9732836	0.9785559	0.9652316	0.93062973	0.97651213	0.94940543	0.97302413	0.9581775	0.84279686	0.9671514	0.9866652	0.97157145	0.9606423	0.981408	0.9790695	0.9314896	0.98840463	0.98269004	0.9460693	0.9618163	0.9628831	0.9710191	0.91522396	0.94005036	0.929651	0.96834934	0.8605645	0.963579	0.97653174	0.97232544	0.94330287	0.9374388	0.9786646	0.97908187	1.0	0.91727626	0.9672104	0.99899864	0.9891169	0.97231424	0.9730674	0.89180756	0.0	0.85866696	0.96818405	0.95223075	0.9458972	0.9673606	0.9993893	0.96767426	0.9847002	0.9010636	0.9224057	0.94327223	0.92383	0.9785345	0.85488737	0.9448877	0.93169737	0.9387943	0.96625847
van/prep	0.9063554	0.9598697	0.80543995	0.8878592	0.75106907	0.706956	0.76891613	0.8640722	0.6544275	0.921764	0.8850739	0.907447	0.88063544	0.85626835	0.67219245	0.6383521	0.9283276	0.6934315	0.9670245	0.5887725	0.7823287	0.8592186	0.7509297	0.77442586	0.62952864	0.97766215	0.8394401	0.6066923	0.7987745	0.8131589	0.8702058	0.9799327	0.9372781	0.82760215	0.92464775	0.92967016	0.7185064	0.8054394	0.67920274	0.8418685	0.93134177	0.7980127	0.8529531	0.733065	0.71492624	0.80238146	0.8400992	0.86574686	0.7568244	0.95004106	0.7917533	0.95224863	0.6191372	0.76517606	0.6029834	0.63054	0.6803951	0.57139635	0.76067567	0.7023237	0.6973674	0.77004254	0.8644981	0.6277503	0.9115539	0.7457478	0.71083105	0.8342422	0.89852357	0.95657426	0.7962687	0.8151126	0.990763	0.9129294	0.6522408	0.6437957	0.79758286	0.85866696	0.0	0.9462753	0.8432375	0.95829767	0.7724251	0.9677119	0.7582828	0.90112764	0.62390137	0.6754388	0.72913474	0.70578885	0.59579647	0.8250057	0.8731079	0.66064274	0.72268504	0.8726893
verbrand/adj	0.9630895	0.99261826	0.96776825	0.9658697	0.9612224	0.9771054	0.9772949	0.97278255	0.95681673	0.99099845	0.9582631	0.98638743	0.95391846	0.9811538	0.9680306	0.9415216	0.946093	0.96404755	0.9795097	0.9676791	0.9588905	0.998868	0.8778863	0.954021	0.9548843	0.9676026	0.89421535	0.9136295	0.96329015	0.98891366	0.97008836	0.99805343	0.9700502	0.98047394	0.97533154	0.96969235	0.95365214	0.96500283	0.9937472	0.9502465	0.9639547	0.987316	0.9452497	0.94850254	0.9228932	0.9805183	0.95757353	0.9584652	0.9712026	0.9784904	0.9959489	0.9933383	0.94350976	0.96988773	0.97434515	0.93887043	0.9470358	0.9648355	0.96886885	0.97248745	0.93276054	0.9437985	0.9600679	0.92742735	0.98797476	0.9811883	0.95663625	0.9941526	0.9643717	0.9959003	0.9467351	0.9594729	0.9871762	0.96326786	0.95194346	0.92558473	0.8683213	0.96818405	0.9462753	0.0	0.9193893	0.9920722	0.96707594	0.9949933	0.9631188	0.91923475	0.9527781	0.95427287	0.97066736	0.95616114	0.92509425	0.93611556	0.9726971	0.9767228	0.95935464	0.9848309
verdacht/adj	0.9091051	0.9925104	0.9329411	0.9671672	0.8564926	0.91744196	0.8758188	0.94263417	0.8903799	0.9700347	0.9092813	0.9618746	0.86353606	0.89767075	0.9012621	0.90874374	0.93038774	0.8767623	0.9632423	0.9021895	0.8905989	0.96365875	0.75954676	0.9150258	0.8457827	0.96932614	0.80563056	0.78922474	0.92116886	0.87873864	0.93058866	0.9813734	0.97794896	0.9039786	0.9319609	0.9792654	0.9303257	0.9296382	0.93418455	0.951121	0.96716326	0.9321219	0.9201262	0.8968142	0.8666507	0.9479699	0.91157764	0.90312076	0.9004516	0.98701894	0.9589475	0.9844309	0.8782246	0.91662174	0.9402822	0.9026567	0.91289306	0.89703786	0.8941719	0.9098781	0.8210652	0.89945745	0.9246688	0.8728716	0.93415684	0.9192097	0.90995735	0.92164147	0.95596534	0.9958807	0.9205074	0.932081	0.94797283	0.97794396	0.91262287	0.8670704	0.7866742	0.95223075	0.8432375	0.9193893	0.0	0.98095524	0.90535986	0.9952807	0.8592943	0.9389756	0.90610856	0.8826814	0.90092266	0.9013876	0.8493652	0.8589039	0.94163126	0.9247631	0.8992448	0.9144005
verroest/adj	0.97373444	0.9961832	0.99644685	0.96724284	0.9916445	1.0	1.0	0.98912764	0.9914387	0.9987782	0.9833831	0.9957388	0.99367076	0.98191553	0.9961199	0.93219376	0.96418387	0.98106825	0.974877	0.9921344	0.9604155	1.0	0.98407185	0.9684343	0.9747357	0.9989028	0.9922396	0.9571131	0.9904925	0.99952126	0.9937315	0.9907733	0.9965048	0.9515313	0.97100717	0.92098594	0.99431217	0.98544365	0.99399024	0.97367954	0.9998048	0.9654082	0.9752086	0.934687	0.9438148	0.99685264	0.97179836	0.98941034	0.99990106	1.0	1.0	0.9984767	0.9414325	0.98631126	0.9967511	0.97554374	0.9553078	0.9545313	1.0	0.99901104	0.99926895	0.96115494	0.98787594	0.9517766	0.9858317	0.9972345	0.9765386	0.9954073	0.9791672	0.98968804	0.9979766	0.9750166	1.0	0.99356073	0.9740102	0.95781153	0.9623352	0.9458972	0.95829767	0.9920722	0.98095524	0.0	0.97981024	0.99551153	0.99797046	0.98808646	0.9732232	0.9492667	0.9921023	0.9914864	0.96511465	0.96514714	0.9994276	0.99293715	0.9971498	0.9882112
verschil/adj	0.939619	0.96209663	0.91364235	0.9650598	0.84596443	0.8702854	0.836603	0.87240386	0.8804953	0.9703378	0.94826275	0.9558975	0.9433603	0.9215026	0.85170835	0.8044419	0.96010655	0.85735863	0.98260915	0.84605765	0.8654057	0.9399989	0.8521079	0.8422846	0.86487734	0.9999275	0.883705	0.8580142	0.83751416	0.83373594	0.9263486	0.99860734	0.99040943	0.9171432	0.91634655	0.9615891	0.84720075	0.8867732	0.8688483	0.900954	0.9640787	0.8963526	0.9355839	0.87089336	0.7745968	0.86923736	0.8575862	0.9308472	0.9021442	0.97968954	0.856937	0.99627817	0.84326714	0.91263086	0.8813006	0.7804347	0.8413222	0.85823476	0.8389097	0.84684265	0.8399461	0.918064	0.90460116	0.76205933	0.9364999	0.87858015	0.8480962	0.89952755	0.91236067	0.9985847	0.8912959	0.93956506	1.0	0.9399125	0.8044821	0.7864436	0.885572	0.9673606	0.7724251	0.96707594	0.90535986	0.97981024	0.0	1.0	0.85419023	0.948491	0.80495465	0.8396769	0.8743372	0.8498976	0.7516021	0.89715207	0.9221788	0.84165454	0.8973246	0.9339333
verwrongen/adj	0.962928	1.0	0.99098915	0.9919901	0.98541886	0.9831628	0.99115235	1.0	0.9631283	0.9990379	0.999104	0.99898463	0.9968309	0.99408567	0.996449	0.9743533	0.99763095	0.9745	1.0	0.9823744	0.9981032	0.96731776	0.98412716	0.97333866	0.968804	0.97169524	1.0	0.99878573	0.99356335	1.0	0.99805105	0.99021375	0.9903803	1.0	0.9973692	0.98420495	0.96047837	1.0	1.0	0.99578243	1.0	0.9722725	0.99094766	0.9889918	0.9925753	1.0	0.9959736	0.96896803	0.99909073	1.0	0.977686	0.9914331	0.99380255	0.9365722	0.9943521	0.9775732	0.99072844	0.9928905	0.9787759	0.96225756	0.9850059	0.9937905	0.9239352	0.9909715	1.0	0.987635	0.9961201	1.0	0.9998418	0.984383	0.9875486	0.9939829	1.0	0.9947863	0.9981742	0.98248696	0.9923596	0.9993893	0.9677119	0.9949933	0.9952807	0.99551153	1.0	0.0	0.99707913	0.9970419	0.99257106	0.981989	0.98797184	0.9563143	0.99316585	0.9930516	0.9981458	0.96895397	0.9926536	1.0
vier/num	0.91647756	0.99604964	0.9038931	0.95474625	0.7398954	0.89864755	0.78891736	0.92321825	0.8470942	0.9752364	0.9321625	0.9489544	0.88732785	0.89075917	0.81938136	0.832982	0.97090137	0.8752796	0.9695488	0.79644895	0.8555978	0.8970463	0.78111005	0.8763825	0.8461246	0.9719658	0.8767631	0.84569186	0.8471773	0.7796396	0.94477975	0.964791	0.97983664	0.9178962	0.9643954	0.9909828	0.8677571	0.8466836	0.8918445	0.93215644	0.965643	0.8893006	0.9327757	0.8028009	0.86374927	0.86546946	0.9187943	0.9296559	0.8726444	0.95475924	0.8807484	0.9888153	0.81961036	0.87540996	0.80529475	0.8348885	0.8744064	0.7550187	0.83807945	0.8578087	0.86573005	0.8491529	0.8749275	0.83455396	0.9437519	0.8628116	0.86732	0.8941045	0.93545884	0.9733552	0.8964263	0.92655987	0.98849595	0.9734934	0.8254809	0.85435104	0.8296674	0.96767426	0.7582828	0.9631188	0.8592943	0.99797046	0.85419023	0.99707913	0.0	0.9755443	0.7769239	0.77243274	0.8549017	0.83732045	0.82347214	0.8689368	0.9060649	0.8473198	0.8666941	0.89867526
vloeibaar/adj	0.9504929	0.96975213	0.97250444	0.95385295	0.93775797	0.9545	0.94749093	0.9519031	0.9509631	0.96233654	0.9291657	0.9294178	0.9800064	0.9421965	0.9809333	0.8644026	0.9666505	0.94015545	0.9730343	0.97285694	0.9155378	0.9918973	0.9473472	0.9240964	0.9723748	0.96670246	0.9410174	0.8989761	0.93288505	0.978146	0.97826755	0.99305147	0.98720986	0.9540568	0.95896906	0.9618802	0.90830714	0.96969575	0.9874211	0.97142166	0.99569005	0.97502154	0.91090333	0.959151	0.8159619	0.95285887	0.91506934	0.8717137	0.93259007	0.9762783	0.9918368	0.9998543	0.8389628	0.9453765	0.9201033	0.85666573	0.8701567	0.9230641	0.9880646	0.96673155	0.9700576	0.965234	0.93598515	0.8157171	0.99268544	0.97784734	0.89205873	0.9554213	0.9427546	0.97125417	0.94831055	0.93347114	0.98819745	0.95568687	0.88555706	0.8082572	0.92619234	0.9847002	0.90112764	0.91923475	0.9389756	0.98808646	0.948491	0.9970419	0.9755443	0.0	0.89703	0.94613415	0.936234	0.98248494	0.83150065	0.9701247	0.9236678	0.9694816	0.9624915	0.94181705
voor/prep	0.917394	0.97973776	0.8934052	0.8903697	0.79464316	0.84612894	0.7157544	0.9100026	0.8795918	0.9564011	0.92563426	0.94293946	0.93491673	0.924339	0.79193634	0.70023453	0.92339295	0.82485765	0.9820312	0.7913099	0.8179632	0.9109241	0.8393163	0.7965466	0.8971555	0.99393225	0.88599426	0.73352313	0.73074865	0.8818099	0.91304165	0.996318	0.9679487	0.90309304	0.92963934	0.9480795	0.7534419	0.92065287	0.78888047	0.9063184	0.94886017	0.88913995	0.8807039	0.86348265	0.6695757	0.8438653	0.8350234	0.8782241	0.84760493	0.9688053	0.84601474	0.9683612	0.6188471	0.85345006	0.78179675	0.63598907	0.716321	0.71131253	0.8403018	0.7754429	0.8601322	0.79093856	0.84113044	0.5134603	0.93947685	0.8564861	0.7202965	0.8988626	0.90460825	0.97065663	0.8094987	0.8338202	0.9977687	0.86780703	0.61641985	0.5848162	0.92643017	0.9010636	0.62390137	0.9527781	0.90610856	0.9732232	0.80495465	0.99257106	0.7769239	0.89703	0.0	0.8745035	0.7621552	0.87665355	0.618706	0.8659509	0.90147054	0.8746188	0.90939647	0.91250026
waar/adv	0.9392073	0.9755575	0.91009986	0.94647753	0.7613591	0.8514469	0.85413444	0.89826345	0.76945734	0.9256759	0.923662	0.91295487	0.8544466	0.80691093	0.8165508	0.7798696	0.9638769	0.8731972	0.972632	0.69895566	0.8587783	0.9087994	0.77699924	0.8855236	0.7415397	0.97966135	0.90696687	0.81776583	0.8664521	0.8468377	0.9054164	0.97056735	0.9731294	0.8897479	0.9202156	0.90603244	0.8967392	0.860323	0.7638298	0.8896383	0.9453388	0.8897717	0.8666503	0.40924394	0.90731436	0.8145063	0.9126988	0.897525	0.92130363	0.97069085	0.84298474	0.9538555	0.84566426	0.83863324	0.90478945	0.8842778	0.89076895	0.5502436	0.85060036	0.82686883	0.8253318	0.801601	0.8921075	0.89734745	0.89435416	0.8881866	0.8197423	0.89775836	0.9165474	0.99015325	0.88484335	0.89635897	0.99015594	0.95952773	0.83346003	0.86780334	0.60439336	0.9224057	0.6754388	0.95427287	0.8826814	0.9492667	0.8396769	0.981989	0.77243274	0.94613415	0.8745035	0.0	0.8667798	0.8005432	0.8260843	0.73587453	0.92210853	0.7602488	0.7635823	0.91443837
waardoor/pp	0.8930424	0.98079264	0.90476334	0.93747646	0.8216779	0.86111486	0.85529983	0.90611255	0.8746946	0.97681344	0.942447	0.9585291	0.9310676	0.9266856	0.84115994	0.7812729	0.9577866	0.84594715	0.9841409	0.8185768	0.88824457	0.9151482	0.88047945	0.8579257	0.8563862	0.99774957	0.8875735	0.84075403	0.86733365	0.89043987	0.92308944	0.9833938	0.9635224	0.9326663	0.9705345	0.98334074	0.84250027	0.87643945	0.89450276	0.8826697	0.9724785	0.8969161	0.93751264	0.88711303	0.81447333	0.86284995	0.92610085	0.95091134	0.82832384	0.9880966	0.8769145	0.98988706	0.7971251	0.8789511	0.709976	0.7567407	0.8049572	0.782958	0.8431884	0.8347403	0.8973337	0.85839176	0.9265081	0.74803877	0.9685715	0.8595744	0.8394942	0.9116557	0.9596592	0.9974045	0.8671279	0.9288738	1.0	0.9632026	0.80708337	0.78006965	0.90171665	0.94327223	0.72913474	0.97066736	0.90092266	0.9921023	0.8743372	0.98797184	0.8549017	0.936234	0.7621552	0.8667798	0.0	0.849725	0.761389	0.9033125	0.91193724	0.87615156	0.89534676	0.9178649
waarin/pp	0.9212711	0.988346	0.9366941	0.94383174	0.79527473	0.8746948	0.88381445	0.89104843	0.6003977	0.96740866	0.89241827	0.9519703	0.9180467	0.8871764	0.82468116	0.8916796	0.97926813	0.87782097	0.9822864	0.678607	0.8988575	0.88517857	0.70492977	0.87538505	0.6811061	0.99310493	0.8957177	0.8669701	0.86402416	0.86705786	0.8882535	0.9895345	0.945925	0.90515125	0.9719597	0.95680624	0.8961183	0.8492483	0.8295747	0.90578127	0.96328586	0.8773902	0.94131875	0.76009876	0.92692876	0.8691305	0.9578786	0.94346386	0.9091606	0.9750918	0.74688256	0.9728846	0.89791447	0.8495109	0.80471444	0.8980192	0.89469504	0.89007825	0.8337346	0.79738194	0.7932287	0.8926346	0.910489	0.9234881	0.92622685	0.8818895	0.8223008	0.8687408	0.9460357	0.9745375	0.858369	0.9470256	0.99965507	0.9911374	0.8242574	0.91027266	0.74737996	0.92383	0.70578885	0.95616114	0.9013876	0.9914864	0.8498976	0.9563143	0.83732045	0.98248494	0.87665355	0.8005432	0.849725	0.0	0.8101081	0.7884029	0.8972783	0.6836627	0.7694012	0.9284943
waarvan/pp	0.8288039	0.96012896	0.87420607	0.85700375	0.74471414	0.84545094	0.78536475	0.8966285	0.8639456	0.9453743	0.8939228	0.9066731	0.9397173	0.8574607	0.80232346	0.561114	0.91510594	0.79584956	0.95447075	0.81896704	0.7567446	0.9479236	0.8316509	0.673623	0.87794006	0.9804469	0.8366386	0.6398392	0.73474395	0.9219893	0.88611037	0.97055036	0.96207345	0.8447721	0.8828611	0.91257566	0.72294676	0.9168905	0.92893875	0.8174868	0.93669105	0.91590345	0.82899237	0.8770494	0.37041163	0.8143004	0.7142633	0.816682	0.78671885	0.9501321	0.9047295	0.9617885	0.4714064	0.8811134	0.6845059	0.48637092	0.5799302	0.6643337	0.85453224	0.801826	0.80538857	0.84778005	0.8617563	0.27781916	0.9272448	0.8249655	0.59342694	0.8832392	0.86085165	0.9563655	0.8259392	0.7728797	0.9907891	0.85937995	0.5201447	0.33448792	0.84112954	0.9785345	0.59579647	0.92509425	0.8493652	0.96511465	0.7516021	0.99316585	0.82347214	0.83150065	0.618706	0.8260843	0.761389	0.8101081	0.0	0.8747045	0.89741445	0.8634105	0.8760158	0.91290855
word/verb	0.9689267	0.93642914	0.90333873	0.9175053	0.8468936	0.9106282	0.9050447	0.922636	0.7217847	0.9153694	0.9225053	0.9408031	0.8617995	0.9250394	0.884896	0.90767825	0.9248299	0.942774	0.963685	0.6270044	0.9244717	0.93390673	0.5252496	0.9281212	0.6927859	0.95820254	0.82169926	0.85245883	0.8907446	0.88860804	0.92984957	0.97686905	0.9466739	0.8152534	0.9737673	0.9558772	0.94989693	0.9513856	0.8843154	0.93285877	0.97713983	0.9127912	0.89870554	0.39284247	0.94066614	0.9095323	0.920264	0.9118123	0.9122902	0.9662942	0.8327966	0.9658807	0.9198211	0.9413475	0.9426869	0.91603047	0.91719973	0.85307837	0.8577955	0.8792226	0.8791771	0.65716964	0.9408324	0.9266809	0.9425752	0.935176	0.806031	0.93501395	0.9383182	0.9863901	0.8648234	0.91233927	0.978468	0.9322553	0.87122494	0.9004395	0.4674505	0.85488737	0.8250057	0.93611556	0.8589039	0.96514714	0.89715207	0.9930516	0.8689368	0.9701247	0.8659509	0.73587453	0.9033125	0.7884029	0.8747045	0.0	0.9022351	0.89769375	0.9013245	0.94006467
zacht/adj	0.89793146	0.9547517	0.97200996	0.9975294	0.8961522	0.941624	0.91753066	0.92915225	0.8700512	0.9778482	0.941166	0.9457849	0.96955335	0.94745415	0.91389585	0.8670169	0.9659299	0.94598615	0.9837459	0.9151481	0.933347	0.98661464	0.910542	0.894128	0.899214	0.95184284	0.9409368	0.93138874	0.9473554	0.93797624	0.938676	0.9906766	0.95815796	0.96992666	0.9698931	0.9711105	0.88572806	0.9233427	0.9605151	0.96438235	0.9990277	0.9466182	0.97504234	0.90062743	0.9054352	0.9186868	0.96745753	0.9515709	0.89979315	0.98705554	0.9334578	0.9931848	0.93532264	0.9196917	0.9103945	0.9280634	0.9055498	0.89343774	0.9256345	0.92824584	0.940986	0.92969126	0.9258642	0.89242196	0.9414451	0.931695	0.8995318	0.92179793	0.98415333	0.99719274	0.91237277	0.95143175	0.9966814	0.97740066	0.88461596	0.915158	0.9121536	0.9448877	0.8731079	0.9726971	0.94163126	0.9994276	0.9221788	0.9981458	0.9060649	0.9236678	0.90147054	0.92210853	0.91193724	0.8972783	0.89741445	0.9022351	0.0	0.9094597	0.9178338	0.93125796
zoals/comp	0.9180923	0.9815811	0.90623975	0.9380969	0.8345357	0.853644	0.86952484	0.85679615	0.49999475	0.957198	0.88090396	0.9500387	0.8751197	0.896522	0.8261925	0.84482765	0.96383125	0.82302886	0.98757064	0.74923384	0.86362535	0.84344727	0.76914746	0.8905128	0.69585663	0.95208454	0.93028396	0.854868	0.89014107	0.8132501	0.88802975	0.9796187	0.9650105	0.9043015	0.947633	0.95034254	0.8582472	0.8201729	0.8776653	0.9212524	0.9395552	0.83282626	0.9276469	0.82360506	0.96511734	0.83021283	0.94496596	0.937137	0.88851964	0.9732488	0.7286118	0.97722876	0.89491665	0.80354077	0.8214	0.88720757	0.90700436	0.84103596	0.80992883	0.7426523	0.8304689	0.90171295	0.8741831	0.9608848	0.9163939	0.84116656	0.84029007	0.8023964	0.9530998	0.9661196	0.8769683	0.9169912	0.98427725	0.9752235	0.8311784	0.9576561	0.82326704	0.93169737	0.66064274	0.9767228	0.9247631	0.99293715	0.84165454	0.96895397	0.8473198	0.9694816	0.8746188	0.7602488	0.87615156	0.6836627	0.8634105	0.89769375	0.9094597	0.0	0.6153897	0.8913562
zoals/prep	0.9321858	0.98046315	0.9683382	0.9567831	0.87026453	0.8594605	0.8891421	0.9054558	0.632881	0.9619447	0.9117549	0.9536204	0.88524157	0.8838586	0.82469636	0.8795387	0.9812832	0.84017897	0.97738	0.7477615	0.9057362	0.90257126	0.78760785	0.89093214	0.74738705	0.95043254	0.9268427	0.82946783	0.9401283	0.8920761	0.91748846	0.98452836	0.94810885	0.8846088	0.94060326	0.9438903	0.8739946	0.8578434	0.8817277	0.93661684	0.9635385	0.87942153	0.92179805	0.8347883	0.94937074	0.8603359	0.9443577	0.9463174	0.9065807	0.9701623	0.83276534	0.999147	0.8698547	0.80117255	0.8498352	0.93168676	0.8713613	0.85796267	0.8762013	0.8296726	0.81151676	0.9064991	0.9509798	0.94883263	0.94686973	0.8606398	0.8554691	0.85484004	0.9416016	0.9717827	0.8983052	0.939693	0.9911607	0.9475436	0.8919386	0.94603443	0.8283022	0.9387943	0.72268504	0.95935464	0.8992448	0.9971498	0.8973246	0.9926536	0.8666941	0.9624915	0.90939647	0.7635823	0.89534676	0.7694012	0.8760158	0.9013245	0.9178338	0.6153897	0.0	0.9192545
zuiver/adj	0.92697054	0.9864045	0.9255388	0.98893464	0.93402696	0.9350922	0.9295758	0.9474116	0.8984003	0.9935197	0.9486611	0.9756862	0.93418324	0.92891884	0.94768643	0.89830613	0.9630382	0.9074467	0.9840005	0.90934783	0.9414838	0.9839175	0.9233332	0.9355573	0.92116565	0.99833554	0.9396095	0.884098	0.9539848	0.9443946	0.91900223	0.99908787	0.9886022	0.94545084	0.98514825	0.9750419	0.9384952	0.90429366	0.9311598	0.93447816	0.98453975	0.94982666	0.9494674	0.9297245	0.9233194	0.95792043	0.9522582	0.96298385	0.93302846	0.97184676	0.9532078	1.0	0.91046387	0.9321574	0.8917797	0.8970556	0.93333143	0.8710407	0.91230977	0.94666296	0.9262805	0.9421249	0.94803846	0.9097779	0.97017074	0.9423238	0.9216901	0.9021628	0.9643269	0.99345785	0.93500227	0.9553968	1.0	0.9506222	0.9206463	0.9165738	0.9352608	0.96625847	0.8726893	0.9848309	0.9144005	0.9882112	0.9339333	1.0	0.89867526	0.94181705	0.91250026	0.91443837	0.9178649	0.9284943	0.91290855	0.94006467	0.93125796	0.8913562	0.9192545	0.0
